"userid","otheraffiliations","primary"
"2","Molecular Genetics and Epigenetics Program","0"
"3","Molecular Genetics and Epigenetics Program","0"
"3","Cancer Research Training in Molecular Biology ","0"
"3","Medical Scientist Training Program","0"
"3","Biotechnology Training Program","0"
"4","ENG",""
"4","Immunology/Immunotherapy Program","0"
"4","Biomedical Engineering","0"
"4","Postdoctoral Training Grant for MDs in Surgical Oncology Research","0"
"4","Training in Cardiovascular Imaging Research","0"
"4","Big Data Training Program","0"
"5","Immunology/Immunotherapy Program","0"
"6","AS",""
"6","Molecular Genetics and Epigenetics Program","0"
"6","Training in Cell and Molecular Biology","0"
"8","AS",""
"8","Chemical and Structural Biology Program","0"
"9","Women's Oncology Program","0"
"10","Women's Oncology Program","0"
"11","Molecular Genetics and Epigenetics Program","0"
"11","Training in Cell and Molecular Biology","0"
"11","Cancer Research Training in Molecular Biology ","0"
"11","Medical Scientist Training Program","0"
"12","Training in Cell and Molecular Biology","0"
"12","Cardiovascular Research Center","0"
"13","DNA Sciences Core Laboratory","0"
"13","Biomolecular Analysis Facility","0"
"14","Cancer Cell Signaling Program","0"
"14","Postdoctoral Training Grant for MDs in Surgical Oncology Research","0"
"14","Postdoctoral Training Grant for MDs in Surgical Oncology Research Yrs 6-10","0"
"14","Big Data Training Program","0"
"15","Molecular Genetics and Epigenetics Program","0"
"15","Biomedical Engineering",""
"15","Training in Molecular Biophysics","0"
"15","Training in Cell and Molecular Biology","0"
"15","Big Data Training Program","0"
"16","Immunology/Immunotherapy Program","0"
"16","Training in Cell and Molecular Biology","0"
"16","Cancer Research Training in Molecular Biology ","0"
"16","Medical Scientist Training Program","0"
"16","Biodefense & Infectious Diseases Short Term Training for Minority Students","0"
"16","Beirne Carter Center for Immunology","0"
"16","Interdisciplinary Training Program in Immunology","0"
"16","Infectious Diseases Training Program","0"
"17","Molecular Genetics and Epigenetics Program","0"
"18","Biomedical Engineering",""
"18","Preclinical Tumor Analysis and Imaging","0"
"18","Unaligned Members","0"
"18","Biomedical Engineering","0"
"18","Cardiovascular Research Center","0"
"18","Training in Cardiovascular Imaging Research","0"
"19","Medical Scientist Training Program","0"
"19","Biodefense & Infectious Diseases Short Term Training for Minority Students","0"
"19","Molecular Genetics and Epigenetics Program","0"
"19","Training in Cell and Molecular Biology","0"
"20","Unaligned Members","0"
"21","Cancer Cell Signaling Program","0"
"21","Basic Cardiovascular Research Training Grant","0"
"21","Medical Scientist Training Program","0"
"21","Short-Term Training to Increase Diversity in Health-Related Research","0"
"22","AS",""
"22","Cancer Cell Signaling Program","0"
"22","Predoctoral Training in Neuroscience","0"
"22","Training in Cell and Molecular Biology","0"
"22","Medical Scientist Training Program","0"
"22","Cell Biology","0"
"22","Biology","0"
"22","Cell Biology","0"
"22","Pathology (Experimental)","0"
"24","Women's Oncology Program","0"
"24","Training in Cell and Molecular Biology","0"
"24","Cancer Research Training in Molecular Biology ","0"
"24","Medical Scientist Training Program","0"
"24","Biodefense & Infectious Diseases Short Term Training for Minority Students","0"
"24","Interdisciplinary Training Program in Immunology","0"
"25","Medicine- Gastroenterology and Hepatology","0"
"25","Microbiology&#44; Immunology&#44; and Cancer Biology","0"
"25","Biodefense Research Training and Career Development","0"
"25","Biotechnology Training","0"
"25","Interdisciplinary Training Program in Immunology","0"
"25","Infectious Diseases Training Program","0"
"25","Kidney Disease and Inflammation","0"
"25","Short-Term Training to Increase Diversity in Health-Related Research","0"
"25","Surgical Infectious Diseases and Transplantation Training Grant","0"
"25","Cardiovascular Research Center","0"
"25","Biotechnology Training Program","0"
"25","Immunology/Immunotherapy Program","0"
"25","Basic Cardiovascular Research Training Grant","0"
"25","Medical Scientist Training Program","0"
"25","Training in the Pharmacological Sciences","0"
"25","Biodefense & Infectious Diseases Short Term Training for Minority Students","0"
"26","Cancer Cell Signaling Program","0"
"26","Training in Cell and Molecular Biology","0"
"26","Cancer Research Training in Molecular Biology ","0"
"26","Cellular and Physiological Mechanisms in Reproduction","0"
"26","Center for Cell Signaling","0"
"26","Training in the Pharmacological Sciences","0"
"26","Kidney Disease and Inflammation","0"
"26","Postdoctoral Training Grant for MDs in Surgical Oncology Research","0"
"26","Postdoctoral Training Grant for MDs in Surgical Oncology Research Yrs 6-10","0"
"27","Women's Oncology Program","0"
"27","Postdoctoral Training Grant for MDs in Surgical Oncology Research Yrs 6-10","0"
"28","Women's Oncology Program","0"
"29","AS",""
"29","Chemical and Structural Biology Program","0"
"29","Training in Molecular Biophysics","0"
"29","Training in Cell and Molecular Biology","0"
"29","Cancer Research Training in Molecular Biology ","0"
"30","Medicine","0"
"30","Immunology/Immunotherapy Program","0"
"30","Microbiology&#44; Immunology&#44; and Cancer Biology","0"
"30","Biotechnology Training Program","0"
"30","Medical Scientist Training Program","0"
"30","Biodefense & Infectious Diseases Short Term Training for Minority Students","0"
"30","Biodefense Research Training and Career Development","0"
"30","Biotechnology Training","0"
"30","Interdisciplinary Training Program in Immunology","0"
"30","Infectious Diseases Training Program","0"
"31","Neurology",""
"31","Cancer Cell Signaling Program","0"
"32","Immunology/Immunotherapy Program","0"
"32","Postdoctoral Training Grant for MDs in Surgical Oncology Research","0"
"33","Immunology/Immunotherapy Program","0"
"33","Cancer Research Training in Molecular Biology ","0"
"33","Microbiology&#44; Immunology&#44; and Cancer Biology","0"
"33","Interdisciplinary Training Program in Immunology","0"
"33","Biodefense & Infectious Diseases Short Term Training for Minority Students","0"
"33","Postdoctoral Training Grant for MDs in Surgical Oncology Research Yrs 6-10","0"
"35","Medical Scientist Training Program","0"
"35","Training in the Pharmacological Sciences","0"
"35","Short-Term Training to Increase Diversity in Health-Related Research","0"
"35","Chemistry","0"
"35","AS",""
"35","Chemical and Structural Biology Program","0"
"35","Training in Molecular Biophysics","0"
"35","Training in Cell and Molecular Biology","0"
"35","Cancer Research Training in Molecular Biology ","0"
"36","AS",""
"36","Chemical and Structural Biology Program","0"
"36","Training in Molecular Biophysics","0"
"36","Training in Cell and Molecular Biology","0"
"36","Medical Scientist Training Program","0"
"36","Molecular Physiology and Biological Physics","0"
"36","Biophysics","0"
"36","Chemistry","0"
"36","Molecular Physiology","0"
"36","Cancer Center","0"
"37","Unaligned Members","0"
"37","Research Training in Digestive Diseases","0"
"37","Surgical Infectious Diseases and Transplantation Training Grant","0"
"38","Women's Oncology Program","0"
"39","Cancer Cell Signaling Program","0"
"39","Training in Cell and Molecular Biology","0"
"39","Cancer Research Training in Molecular Biology ","0"
"39","Biodefense & Infectious Diseases Short Term Training for Minority Students","0"
"39","Biodefense Research Training and Career Development","0"
"39","Infectious Diseases Training Program","0"
"39","Research Training in Digestive Diseases","0"
"40","Research Training in Diabetes and Hormone Action","0"
"40","Training in Cell and Molecular Biology","0"
"40","Medical Scientist Training Program","0"
"40","Research Training in Neuroendocrinology","0"
"40","Cancer Cell Signaling Program","0"
"40","Training in Molecular Biophysics","0"
"41","Unaligned Members","0"
"42","Women's Oncology Program","0"
"43","AS",""
"43","Chemical and Structural Biology Program","0"
"44","Women's Oncology Program","0"
"44","Postdoctoral Training Grant for MDs in Surgical Oncology Research","0"
"45","AS",""
"45","Chemical and Structural Biology Program","0"
"45","Training in Molecular Biophysics","0"
"45","Biotechnology Training Program","0"
"45","Training in Cell and Molecular Biology","0"
"45","Molecular Physiology and Biological Physics","0"
"45","Training in the Pharmacological Sciences","0"
"45","Biodefense Research Training and Career Development","0"
"45","Infectious Diseases Training Program","0"
"46","Women's Oncology Program","0"
"46","Kidney Disease and Inflammation","0"
"46","Research Training in Digestive Diseases","0"
"46","Surgical Infectious Diseases and Transplantation Training Grant","0"
"46","Postdoctoral Training Grant for MDs in Surgical Oncology Research Yrs 6-10","0"
"46","Training in Cardiovascular Imaging Research","0"
"47","Biochemistry and Molecular Genetics","0"
"47","School of Medicine","0"
"48","Immunology/Immunotherapy Program","0"
"49","Cancer Cell Signaling Program","0"
"49","Predoctoral Training in Neuroscience","0"
"49","Training in Cell and Molecular Biology","0"
"49","Training in the Pharmacological Sciences","0"
"49","Medical Scientist Training Program","0"
"49","Neurobiology and Development Training Program","0"
"49","Cell Biology","0"
"49","Biotechnology Training","0"
"49","Short-Term Training to Increase Diversity in Health-Related Research","0"
"50","Cancer Cell Signaling Program","0"
"50","Neuroscience",""
"50","Predoctoral Training in Neuroscience","0"
"51","Women's Oncology Program","0"
"51","Cancer Research Training in Molecular Biology ","0"
"51","Medical Scientist Training Program","0"
"51","Biodefense & Infectious Diseases Short Term Training for Minority Students","0"
"51","Beirne Carter Center for Immunology","0"
"51","Cancer Center","0"
"51","Pathology (Experimental)","0"
"52","Gastroenterology",""
"52","Immunology/Immunotherapy Program","0"
"53","Molecular Genetics and Epigenetics Program","0"
"53","Cancer Center","0"
"53","Postdoctoral Training Grant for MDs in Surgical Oncology Research","0"
"54","Women's Oncology Program","0"
"55","Hematology and Oncology",""
"56","Medicine","0"
"56","Immunology/Immunotherapy Program","0"
"57","Chemical and Structural Biology Program","0"
"58","AS",""
"58","Chemical and Structural Biology Program","0"
"58","Training in Molecular Biophysics","0"
"58","Biotechnology Training Program","0"
"58","Training in Cell and Molecular Biology","0"
"58","Biophysics","0"
"58","Biochemistry and Molecular Genetics","0"
"59","Cancer Cell Signaling Program","0"
"59","Biotechnology Training Program","0"
"59","Training in Cell and Molecular Biology","0"
"59","Medical Scientist Training Program","0"
"59","Cardiovascular Research Center","0"
"61","Medicine","0"
"61","Immunology/Immunotherapy Program","0"
"62","Preclinical Tumor Analysis and Imaging","0"
"63","Unaligned Members","0"
"64","Women's Oncology Program","0"
"65","Molecular Genetics and Epigenetics Program","0"
"65","Biotechnology Training","0"
"65","Training in Cell and Molecular Biology","0"
"65","Cancer Research Training in Molecular Biology ","0"
"65","Training in the Pharmacological Sciences","0"
"65","Medical Scientist Training Program","0"
"65","Pathology","0"
"65","BIMS-MOMD","0"
"65","BIMS-MSTP","0"
"65","Cancer Center","0"
"65","Biochemistry and Molecular Genetics","0"
"65","Big Data Training Program","0"
"66","Molecular Genetics and Epigenetics Program","0"
"67","Cancer Cell Signaling Program","0"
"68","AS",""
"68","Chemical and Structural Biology Program","0"
"68","Training in Molecular Biophysics","0"
"68","Training in Cell and Molecular Biology","0"
"68","Medical Scientist Training Program","0"
"69","Unaligned Members","0"
"70","Molecular Genetics and Epigenetics Program","0"
"71","Molecular Genetics and Epigenetics Program","0"
"71","Training in Cell and Molecular Biology","0"
"71","Biotechnology Training","0"
"71","Biodefense & Infectious Diseases Short Term Training for Minority Students","0"
"71","Infectious Diseases Training Program","0"
"72","Immunology/Immunotherapy Program","0"
"72","Basic Cardiovascular Research Training Grant","0"
"72","Biotechnology Training Program","0"
"72","Training in Cell and Molecular Biology","0"
"72","Cancer Research Training in Molecular Biology ","0"
"72","Medical Scientist Training Program","0"
"72","Biodefense & Infectious Diseases Short Term Training for Minority Students","0"
"72","Interdisciplinary Training Program in Immunology","0"
"72","Kidney Disease and Inflammation","0"
"72","Cardiovascular Research Center","0"
"72","Cancer Center","0"
"72","Beirne Carter Center for Immunology","0"
"72","Postdoctoral Training Grant for MDs in Surgical Oncology Research Yrs 6-10","0"
"73","Unaligned Members","0"
"74","Immunology/Immunotherapy Program","0"
"74","Training in Cell and Molecular Biology","0"
"74","Medical Scientist Training Program","0"
"74","Biodefense & Infectious Diseases Short Term Training for Minority Students","0"
"74","Interdisciplinary Training Program in Immunology","0"
"74","Cancer Center","0"
"74","Beirne Carter Center for Immunology","0"
"74","Cancer Center","0"
"75","Medicine","0"
"75","Gastroenterology","0"
"75","Immunology/Immunotherapy Program","0"
"75","Microbiology&#44; Immunology&#44; and Cancer Biology","0"
"76","Chemical and Structural Biology Program","0"
"76","Medical Scientist Training Program","0"
"78","Immunology/Immunotherapy Program","0"
"79","Cancer Cell Signaling Program","0"
"80","Molecular Genetics and Epigenetics Program","0"
"80","Training in Cell and Molecular Biology","0"
"80","Cancer Research Training in Molecular Biology ","0"
"80","Medical Scientist Training Program","0"
"80","Cell Biology","0"
"80","Center for Public Health Genomics","0"
"81","Cancer Cell Signaling Program","0"
"81","Cancer Research Training in Molecular Biology ","0"
"81","Cancer Center","0"
"81","Biotechnology Training","0"
"82","Women's Oncology Program","0"
"82","Cancer Center","0"
"83","ENG",""
"83","Chemical and Structural Biology Program","0"
"83","Biomedical Engineering","0"
"83","Biotechnology Training Program","0"
"84","Unaligned Members","0"
"85","Medicine","0"
"85","Immunology/Immunotherapy Program","0"
"85","Microbiology&#44; Immunology&#44; and Cancer Biology","0"
"85","Medical Scientist Training Program","0"
"85","Interdisciplinary Training Program in Immunology","0"
"85","Kidney Disease and Inflammation","0"
"85","Medicine- Nephrology","0"
"86","Medicine","0"
"86","Gastroenterology",""
"86","Cancer Cell Signaling Program","0"
"86","Biomedical Engineering",""
"86","Pharmacology",""
"87","Pharmacology","0"
"88","Hematology and Oncology",""
"88","Molecular Genetics and Epigenetics Program","0"
"89","Cancer Cell Signaling Program","0"
"89","Cancer Research Training in Molecular Biology ","0"
"90","Immunology/Immunotherapy Program","0"
"90","MOMD","0"
"90","MCDB","0"
"90","MII","0"
"90","Training in Cell and Molecular Biology","0"
"90","Cancer Research Training in Molecular Biology ","0"
"90","Biodefense & Infectious Diseases Short Term Training for Minority Students","0"
"90","Biodefense Research Training and Career Development","0"
"90","Medical Scientist Training Program","0"
"90","Infectious Diseases Training Program","0"
"90","Microbiology&#44; Immunology&#44; and Cancer Biology","0"
"91","Immunology/Immunotherapy Program","0"
"91","Cancer Research Training in Molecular Biology ","0"
"91","Training in the Pharmacological Sciences","0"
"91","Medical Scientist Training Program","0"
"91","Short-Term Training to Increase Diversity in Health-Related Research","0"
"92","Women's Oncology Program","0"
"93","Cancer Cell Signaling Program","0"
"93","Neuroscience",""
"93","Predoctoral Training in Neuroscience","0"
"93","Medical Scientist Training Program","0"
"93","Training in Cell and Molecular Biology","0"
"94","Molecular Genetics and Epigenetics Program","0"
"94","Neuroscience",""
"94","Predoctoral Training in Neuroscience","0"
"94","Training in Cell and Molecular Biology","0"
"94","Cancer Research Training in Molecular Biology ","0"
"94","Medical Scientist Training Program","0"
"95","Cancer Cell Signaling Program","0"
"96","Women's Oncology Program","0"
"96","Training in Cell and Molecular Biology","0"
"97","Immunology/Immunotherapy Program","0"
"98","Unaligned Members","0"
"98","Global Infectious Disease Research Training Program Award","0"
"98","Global Infectious Disease Research Training Grant at UVa","0"
"98","Medical Scientist Training Program","0"
"98","Biodefense & Infectious Diseases Short Term Training for Minority Students","0"
"98","Biodefense Research Training and Career Development","0"
"98","Interdisciplinary Training Program in Immunology","0"
"98","Infectious Diseases Training Program","0"
"98","Research Training in Digestive Diseases","0"
"99","Women's Oncology Program","0"
"100","Cancer Cell Signaling Program","0"
"100","Neuroscience",""
"100","Predoctoral Training in Neuroscience","0"
"100","Training in Cell and Molecular Biology","0"
"100","Cancer Research Training in Molecular Biology ","0"
"100","Medical Scientist Training Program","0"
"100","Short-Term Training to Increase Diversity in Health-Related Research","0"
"100","Biotechnology Training Program","0"
"101","Biodefense & Infectious Diseases Short Term Training for Minority Students","0"
"101","Biotechnology Training","0"
"101","Interdisciplinary Training Program in Immunology","0"
"101","Infectious Diseases Training Program","0"
"101","Research Training in Digestive Diseases","0"
"101","Surgical Infectious Diseases and Transplantation Training Grant","0"
"101","Biotechnology Training Program","0"
"101","Beirne Carter Center for Immunology","0"
"101","Training in the Pharmacological Sciences","0"
"101","Immunology/Immunotherapy Program","0"
"101","Training in Cell and Molecular Biology","0"
"101","Cancer Research Training in Molecular Biology ","0"
"101","Medical Scientist Training Program","0"
"102","Cancer Research Training in Molecular Biology ","0"
"103","Unaligned Members","0"
"103","Cancer Center","0"
"104","Molecular Genetics and Epigenetics Program","0"
"104","Training in Cell and Molecular Biology","0"
"105","Molecular Genetics and Epigenetics Program","0"
"105","Training in Cell and Molecular Biology","0"
"105","Cancer Research Training in Molecular Biology ","0"
"105","Global Infectious Disease Research Training Grant at UVa","0"
"105","Medical Scientist Training Program","0"
"105","Biodefense & Infectious Diseases Short Term Training for Minority Students","0"
"105","Biotechnology Training","0"
"105","Interdisciplinary Training Program in Immunology","0"
"105","Infectious Diseases Training Program","0"
"106","Hematology and Oncology",""
"106","Unaligned Members","0"
"106","Research Training in Neuroendocrinology","0"
"107","Unaligned Members","0"
"107","Big Data Training Program","0"
"108","Women's Oncology Program","0"
"109","Cancer Cell Signaling Program","0"
"110","Cancer Cell Signaling Program","0"
"110","Basic Cardiovascular Research Training Grant","0"
"110","Medical Scientist Training Program","0"
"110","Short-Term Training to Increase Diversity in Health-Related Research","0"
"110","Cardiovascular Research Center","0"
"111","Molecular Genetics and Epigenetics Program","0"
"111","Neuroscience",""
"111","Predoctoral Training in Neuroscience","0"
"111","Training in Cell and Molecular Biology","0"
"112","Women's Oncology Program","0"
"113","Immunology/Immunotherapy Program","0"
"113","Cellular and Physiological Mechanisms in Reproduction","0"
"113","Medical Scientist Training Program","0"
"113","Interdisciplinary Training Program in Immunology","0"
"113","Short-Term Training to Increase Diversity in Health-Related Research","0"
"113","Biomedical Engineering","0"
"113","Urology","0"
"113","Obstetrics & Gynecology","0"
"114","Biodefense & Infectious Diseases Short Term Training for Minority Students","0"
"114","Biodefense Research Training and Career Development","0"
"114","Infectious Diseases Training Program","0"
"114","Biotechnology Training Program","0"
"114","Big Data Training Program","0"
"114","Cancer Cell Signaling Program","0"
"114","Medical Scientist Training Program","0"
"114","Pharmacology","0"
"116","Unaligned Members","0"
"117","Cancer Cell Signaling Program","0"
"117","Biomedical Engineering",""
"117","Neuroscience",""
"117","Training in Molecular Biophysics","0"
"117","Predoctoral Training in Neuroscience","0"
"117","Training in Cell and Molecular Biology","0"
"117","Cancer Research Training in Molecular Biology ","0"
"117","Medical Scientist Training Program","0"
"117","Neurobiology and Development Training Program","0"
"117","Microbiology&#44; Immunology&#44; and Cancer Biology","0"
"118","ENG",""
"118","Immunology/Immunotherapy Program","0"
"118","Biomedical Engineering","0"
"118","Basic Cardiovascular Research Training Grant","0"
"118","Medical Scientist Training Program","0"
"118","Short-Term Training to Increase Diversity in Health-Related Research","0"
"118","Cardiovascular Research Center","0"
"118","Biotechnology Training Program","0"
"118","Training in Cardiovascular Imaging Research","0"
"120","Medical Scientist Training Program","0"
"120","Interdisciplinary Training Program in Immunology","0"
"120","Pathology","0"
"120","Chemical and Structural Biology Program","0"
"120","Biotechnology Training Program","0"
"120","Training in Cell and Molecular Biology","0"
"122","Women's Oncology Program","0"
"123","Cancer Cell Signaling Program","0"
"124","Women's Oncology Program","0"
"124","Basic Cardiovascular Research Training Grant","0"
"124","Biotechnology Training Program","0"
"124","Cancer Research Training in Molecular Biology ","0"
"124","Training in the Pharmacological Sciences","0"
"124","Short-Term Training to Increase Diversity in Health-Related Research","0"
"124","Training in Cell and Molecular Biology","0"
"124","Cardiovascular Research Center","0"
"124","Big Data Training Program","0"
"127","Unaligned Members","0"
"129","Gastroenterology",""
"129","Cancer Cell Signaling Program","0"
"130","Plastic Surgery","0"
"130","Biomedical Engineering","0"
"131","Interdisciplinary Training Program in Immunology","0"
"131","Infectious Diseases Training Program","0"
"131","Myles H. Thaler Center ","0"
"131","Beirne Carter Center for Immunology","0"
"131","Cancer Center","0"
"131","Medicine- Infectious Diseases and International Health","0"
"131","Immunology/Immunotherapy Program","0"
"131","Training in Cell and Molecular Biology","0"
"131","Cancer Research Training in Molecular Biology ","0"
"131","Medical Scientist Training Program","0"
"131","Biodefense & Infectious Diseases Short Term Training for Minority Students","0"
"131","Biotechnology Training","0"
"132","Chemical and Structural Biology Program","0"
"132","Basic Cardiovascular Research Training Grant","0"
"132","Biotechnology Training Program","0"
"132","Cancer Research Training in Molecular Biology ","0"
"132","Medical Scientist Training Program","0"
"132","Training in the Pharmacological Sciences","0"
"132","Postdoctoral Training Grant for MDs in Surgical Oncology Research","0"
"132","Short-Term Training to Increase Diversity in Health-Related Research","0"
"132","Training in Cell and Molecular Biology","0"
"132","Cardiovascular Research Center","0"
"132","Training in Molecular Biophysics","0"
"132","Postdoctoral Training Grant for MDs in Surgical Oncology Research Yrs 6-10","0"
"132","Training in Cardiovascular Imaging Research","0"
"133","Women's Oncology Program","0"
"134","Women's Oncology Program","0"
"135","Cancer Cell Signaling Program","0"
"136","Chemical and Structural Biology Program","0"
"136","Training in Cell and Molecular Biology","0"
"137","Training in Cardiovascular Imaging Research","0"
"137","Chemical and Structural Biology Program","0"
"137","Medical Scientist Training Program","0"
"137","Cardiovascular Research Center","0"
"138","Women's Oncology Program","0"
"138","Postdoctoral Training Grant for MDs in Surgical Oncology Research","0"
"138","Research Training in Digestive Diseases","0"
"138","Surgical Infectious Diseases and Transplantation Training Grant","0"
"139","AS",""
"139","Cancer Cell Signaling Program","0"
"139","Training in Cell and Molecular Biology","0"
"139","Cell Biology","0"
"139","Biology","0"
"139","Cell Biology","0"
"140","Unaligned Members","0"
"140","Postdoctoral Training Grant for MDs in Surgical Oncology Research","0"
"140","Postdoctoral Training Grant for MDs in Surgical Oncology Research Yrs 6-10","0"
"141","Immunology/Immunotherapy Program","0"
"142","Molecular Genetics and Epigenetics Program","0"
"142","Training in Cell and Molecular Biology","0"
"143","Chemical and Structural Biology Program","0"
"143","Biotechnology Training Program","0"
"143","Medical Scientist Training Program","0"
"144","Microbiology&#44; Immunology&#44; and Cancer Biology","0"
"144","Cell and Developmental Biology","0"
"144","Training in Cell and Molecular Biology","0"
"144","Cancer Research Training in Molecular Biology ","0"
"145","Flow Cytometry Core","0"
"145","Biotechnology Training","0"
"146","Molecular Genetics and Epigenetics Program","0"
"146","Postdoctoral Training Grant for MDs in Surgical Oncology Research","0"
"146","Postdoctoral Training Grant for MDs in Surgical Oncology Research Yrs 6-10","0"
"147","Molecular Genetics and Epigenetics Program","0"
"147","Cardiovascular Surgery Training Center","0"
"147","Postdoctoral Training Grant for MDs in Surgical Oncology Research","0"
"147","Cardiovascular Research Center","0"
"148","Medicine","0"
"148","Hematology and Oncology","0"
"148","Pharmacology","0"
"148","Training in the Pharmacological Sciences","0"
"149","Orthopedic Surgery","0"
"149","Cancer Cell Signaling Program","0"
"150","Cancer Cell Signaling Program","0"
"150","Biomedical Engineering",""
"150","Biotechnology Training Program","0"
"150","Training in Cell and Molecular Biology","0"
"150","Medical Scientist Training Program","0"
"150","Cardiovascular Research Center","0"
"150","Ophthalmology","0"
"151","Pharmacology","0"
"151","Cancer Cell Signaling Program","0"
"153","Cardiovascular Research Center","0"
"153","Molecular Genetics and Epigenetics Program","0"
"153","Postdoctoral Training Grant for MDs in Surgical Oncology Research","0"
"154","Cancer Cell Signaling Program","0"
"155","Women's Oncology Program","0"
"155","Cancer Research Training in Molecular Biology ","0"
"155","Training in Cell and Molecular Biology","0"
"155","Biochemistry and Molecular Genetics","0"
"155","Cancer Center","0"
"155","Center for Public Health Genomics","0"
"156","Molecular Genetics and Epigenetics Program","0"
"156","Neuroscience","0"
"156","Predoctoral Training in Neuroscience","0"
"157","Molecular Genetics and Epigenetics Program","0"
"157","Training in Cell and Molecular Biology","0"
"158","Women's Oncology Program","0"
"159","Cancer Cell Signaling Program","0"
"159","Predoctoral Training in Neuroscience","0"
"159","Training in Cell and Molecular Biology","0"
"160","Immunology/Immunotherapy Program","0"
"160","Training in Cell and Molecular Biology","0"
"160","Cancer Research Training in Molecular Biology ","0"
"160","Medical Scientist Training Program","0"
"160","Interdisciplinary Training Program in Immunology","0"
"161","Predoctoral Training in Neuroscience","0"
"161","Biotechnology Training Program","0"
"161","Training in Cell and Molecular Biology","0"
"161","Cancer Cell Signaling Program","0"
"161","Neuroscience",""
"162","Chemical and Structural Biology Program","0"
"162","Neuroscience",""
"162","Predoctoral Training in Neuroscience","0"
"162","Research Training in Diabetes and Hormone Action","0"
"162","Basic Cardiovascular Research Training Grant","0"
"162","Biotechnology Training Program","0"
"162","Training in Cell and Molecular Biology","0"
"162","Cancer Research Training in Molecular Biology ","0"
"162","Training in the Pharmacological Sciences","0"
"162","Medical Scientist Training Program","0"
"162","Biochemistry and Molecular Genetics","0"
"162","Kidney Disease and Inflammation","0"
"162","Short-Term Training to Increase Diversity in Health-Related Research","0"
"162","Cardiovascular Research Center","0"
"163","Kidney Disease and Inflammation","0"
"164","Microbiology&#44; Immunology&#44; and Cancer Biology","0"
"164","Cell Biology","0"
"164","Cell and Developmental Biology","0"
"164","Training in Cell and Molecular Biology","0"
"164","Cancer Research Training in Molecular Biology ","0"
"165","Chemical and Structural Biology Program","0"
"165","Medical Scientist Training Program","0"
"165","Pharmacology","0"
"167","Predoctoral Training in Neuroscience","0"
"167","Training in Cell and Molecular Biology","0"
"167","Medical Scientist Training Program","0"
"167","Molecular Genetics and Epigenetics Program","0"
"167","Neuroscience",""
"168","Molecular Genetics and Epigenetics Program","0"
"168","Neuroscience","0"
"168","Predoctoral Training in Neuroscience","0"
"168","Medical Scientist Training Program","0"
"168","Neurobiology and Development Training Program","0"
"168","Brain Immunology and Glia Center","0"
"169","Women's Oncology Program","0"
"169","Cellular and Physiological Mechanisms in Reproduction","0"
"169","Research Training in Neuroendocrinology","0"
"170","Women's Oncology Program","0"
"170","Biomedical Engineering",""
"171","Molecular Genetics and Epigenetics Program","0"
"171","Training in Cell and Molecular Biology","0"
"171","Cancer Research Training in Molecular Biology ","0"
"171","Biodefense & Infectious Diseases Short Term Training for Minority Students","0"
"171","Postdoctoral Training Grant for MDs in Surgical Oncology Research","0"
"171","Postdoctoral Training Grant for MDs in Surgical Oncology Research Yrs 6-10","0"
"172","Training in Cell and Molecular Biology","0"
"173","Unaligned Members","0"
"174","Unaligned Members","0"
"175","Training in Molecular Biophysics","0"
"175","Training in Cell and Molecular Biology","0"
"175","Medical Scientist Training Program","0"
"175","Chemical and Structural Biology Program","0"
"175","Biomedical Engineering",""
"176","Women's Oncology Program","0"
"177","Women's Oncology Program","0"
"178","Cancer Cell Signaling Program","0"
"178","Biotechnology Training Program","0"
"178","Medical Scientist Training Program","0"
"178","Cancer Center","0"
"178","Postdoctoral Training Grant for MDs in Surgical Oncology Research","0"
"178","Research Training in Digestive Diseases","0"
"178","Postdoctoral Training Grant for MDs in Surgical Oncology Research Yrs 6-10","0"
"179","Microbiology&#44; Immunology&#44; and Cancer Biology","0"
"179","Immunology/Immunotherapy Program","0"
"180","Chemical and Structural Biology Program","0"
"180","Biotechnology Training Program","0"
"180","Training in Molecular Biophysics","0"
"181","Endocrinology ",""
"181","Women's Oncology Program","0"
"182","Chemical and Structural Biology Program","0"
"182","Training in Molecular Biophysics","0"
"182","Training in Cell and Molecular Biology","0"
"182","Training in the Pharmacological Sciences","0"
"182","Short-Term Training to Increase Diversity in Health-Related Research","0"
"183","Cancer Cell Signaling Program","0"
"183","Biomedical Engineering and Plastic Surgery",""
"184","Immunology/Immunotherapy Program","0"
"184","Research Training in Diabetes and Hormone Action","0"
"184","Basic Cardiovascular Research Training Grant","0"
"184","Cardiovascular Surgery Training Center","0"
"184","Training in the Pharmacological Sciences","0"
"184","Medical Scientist Training Program","0"
"184","Interdisciplinary Training Program in Immunology","0"
"184","Kidney Disease and Inflammation","0"
"184","Short-Term Training to Increase Diversity in Health-Related Research","0"
"184","Surgical Infectious Diseases and Transplantation Training Grant","0"
"184","Cardiovascular Research Center","0"
"184","Research Training in Neuroendocrinology","0"
"185","Neuroscience","0"
"186","Unaligned Members","0"
"187","Training in Cardiovascular Imaging Research","0"
"187","Big Data Training Program","0"
"187","Cancer Cell Signaling Program","0"
"187","Basic Cardiovascular Research Training Grant","0"
"187","Training in Cell and Molecular Biology","0"
"187","Cancer Research Training in Molecular Biology ","0"
"187","Cardiovascular Surgery Training Center","0"
"187","Training in the Pharmacological Sciences","0"
"187","Medical Scientist Training Program","0"
"187","Medicine- Cardiovascular Medicine","0"
"187","Kidney Disease and Inflammation","0"
"187","Short-Term Training to Increase Diversity in Health-Related Research","0"
"187","Cardiovascular Research Center","0"
"188","Cancer Cell Signaling Program","0"
"189","Cancer Cell Signaling Program","0"
"189","Basic Cardiovascular Research Training Grant","0"
"189","Biotechnology Training Program","0"
"189","Training in Cell and Molecular Biology","0"
"189","Medical Scientist Training Program","0"
"189","Biodefense Research Training and Career Development","0"
"189","Biodefense & Infectious Diseases Short Term Training for Minority Students","0"
"189","Short-Term Training to Increase Diversity in Health-Related Research","0"
"189","Cardiovascular Research Center","0"
"189","Infectious Diseases Training Program","0"
"189","Big Data Training Program","0"
"189","Cancer Research Training in Molecular Biology ","0"
"190","Molecular Genetics and Epigenetics Program","0"
"192","Cancer Cell Signaling Program","0"
"192","Training in Cell and Molecular Biology","0"
"192","Cancer Research Training in Molecular Biology ","0"
"192","Interdisciplinary Training Program in Immunology","0"
"192","Postdoctoral Training Grant for MDs in Surgical Oncology Research","0"
"192","Postdoctoral Training Grant for MDs in Surgical Oncology Research Yrs 6-10","0"
"193","Cancer Center","0"
"193","Cancer Research Training in Molecular Biology ","0"
"194","Medical Scientist Training Program","0"
"194","Molecular Genetics and Epigenetics Program","0"
"194","Training in Cell and Molecular Biology","0"
"194","Cancer Research Training in Molecular Biology ","0"
"194","Cellular and Physiological Mechanisms in Reproduction","0"
"195","Molecular Genetics and Epigenetics Program","0"
"195","Training in Molecular Biophysics","0"
"195","Training in Cell and Molecular Biology","0"
"195","Cancer Research Training in Molecular Biology ","0"
"195","Medical Scientist Training Program","0"
"196","Cancer Cell Signaling Program","0"
"196","Training in Cell and Molecular Biology","0"
"196","Cancer Research Training in Molecular Biology ","0"
"196","Medical Scientist Training Program","0"
"197","Immunology/Immunotherapy Program","0"
"197","Microbiology&#44; Immunology&#44; and Cancer Biology","0"
"197","Biotechnology Training Program","0"
"197","Global Infectious Disease Research Training Program Award","0"
"197","Global Infectious Disease Research Training Grant at UVa","0"
"197","Medical Scientist Training Program","0"
"197","Biodefense & Infectious Diseases Short Term Training for Minority Students","0"
"197","Biodefense Research Training and Career Development","0"
"197","Interdisciplinary Training Program in Immunology","0"
"197","Infectious Diseases Training Program","0"
"197","Research Training in Digestive Diseases","0"
"197","Big Data Training Program","0"
"198","Unaligned Members","0"
"198","Postdoctoral Training Grant for MDs in Surgical Oncology Research","0"
"198","Postdoctoral Training Grant for MDs in Surgical Oncology Research Yrs 6-10","0"
"199","Predoctoral Training in Neuroscience","0"
"199","Training in Cell and Molecular Biology","0"
"199","Medical Scientist Training Program","0"
"199","Cancer Cell Signaling Program","0"
"199","Neuroscience",""
"200","Medicine","0"
"200","Allergy and Clinical Immunology",""
"200","Immunology/Immunotherapy Program","0"
"200","Microbiology&#44; Immunology&#44; and Cancer Biology","0"
"200","Medical Scientist Training Program","0"
"200","Interdisciplinary Training Program in Immunology","0"
"201","Medicine","0"
"201","Gastroenterology",""
"201","Unaligned Members","0"
"202","Women's Oncology Program","0"
"202","Neuroscience",""
"202","Predoctoral Training in Neuroscience","0"
"202","Cellular and Physiological Mechanisms in Reproduction","0"
"202","Biodefense & Infectious Diseases Short Term Training for Minority Students","0"
"202","Short-Term Training to Increase Diversity in Health-Related Research","0"
"203","Chemical and Structural Biology Program","0"
"203","Biomedical Engineering",""
"203","Biomedical Engineering","0"
"203","Basic Cardiovascular Research Training Grant","0"
"203","Medical Scientist Training Program","0"
"203","Short-Term Training to Increase Diversity in Health-Related Research","0"
"203","Cardiovascular Research Center","0"
"204","Predoctoral Training in Neuroscience","0"
"204","Hematology and Oncology","0"
"204","Biotechnology Training Program","0"
"204","Cancer Research Training in Molecular Biology ","0"
"204","Molecular Genetics and Epigenetics Program","0"
"204","Neuroscience","0"
"205","Hematology and Oncology",""
"206","Biochemistry and Molecular Genetics","0"
"206","Medical Scientist Training Program","0"
"206","Biotechnology Training Program","0"
"206","Training in Cell and Molecular Biology","0"
"208","Pharmacology","0"
"208","Chemical and Structural Biology Program","0"
"209","Immunology/Immunotherapy Program","0"
"209","Basic Cardiovascular Research Training Grant","0"
"209","Training in Cell and Molecular Biology","0"
"209","Cancer Research Training in Molecular Biology ","0"
"209","Cellular and Physiological Mechanisms in Reproduction","0"
"209","Training in the Pharmacological Sciences","0"
"209","Medical Scientist Training Program","0"
"209","Cell Biology","0"
"209","Interdisciplinary Training Program in Immunology","0"
"209","Infectious Diseases Training Program","0"
"209","Kidney Disease and Inflammation","0"
"209","Short-Term Training to Increase Diversity in Health-Related Research","0"
"209","Research Training in Digestive Diseases","0"
"209","Cardiovascular Research Center","0"
"209","Beirne Carter Center for Immunology","0"
"209","Cancer Center","0"
"209","Center for Cell Signaling","0"
"210","Unaligned Members","0"
"210","Physiology",""
"211","Advanced Microscopy Facility","0"
"212","Cancer Cell Signaling Program","0"
"212","Microbiology&#44; Immunology&#44; and Cancer Biology","0"
"212","Training in Cell and Molecular Biology","0"
"212","Cancer Research Training in Molecular Biology ","0"
"212","Global Infectious Disease Research Training Grant at UVa","0"
"212","Medical Scientist Training Program","0"
"212","Biodefense & Infectious Diseases Short Term Training for Minority Students","0"
"212","Biotechnology Training","0"
"212","Infectious Diseases Training Program","0"
"212","Infectious Diseases Training Program","0"
"213","Women's Oncology Program","0"
"214","Cancer Cell Signaling Program","0"
"217","Unaligned Members","0"
"218","Cancer Cell Signaling Program","0"
"219","Unaligned Members","0"
"220","Biorepository and Tissue Research Facility","0"
"220","Biophysics",""
"221","Cancer Cell Signaling Program","0"
"222","Medicine","0"
"222","Cancer Cell Signaling Program","0"
"222","Postdoctoral Training Grant for MDs in Surgical Oncology Research","0"
"223","Women's Oncology Program","0"
"225","Cancer Cell Signaling Program","0"
"225","Training in Cell and Molecular Biology","0"
"226","Molecular Genetics and Epigenetics Program","0"
"227","Unaligned Members","0"
"228","Unaligned Members","0"
"229","Women's Oncology Program","0"
"229","Postdoctoral Training Grant for MDs in Surgical Oncology Research","0"
"229","Surgical Infectious Diseases and Transplantation Training Grant","0"
"229","Postdoctoral Training Grant for MDs in Surgical Oncology Research Yrs 6-10","0"
"230","Chemical and Structural Biology Program","0"
"230","Training in the Pharmacological Sciences","0"
"230","Research Training in Diabetes and Hormone Action","0"
"230","Medical Scientist Training Program","0"
"230","Short-Term Training to Increase Diversity in Health-Related Research","0"
"230","Cardiovascular Research Center","0"
"231","Cancer Cell Signaling Program","0"
"231","Training in Cell and Molecular Biology","0"
"232","Neuroscience","0"
"232","Molecular Genetics and Epigenetics Program","0"
"233","Cancer Cell Signaling Program","0"
"234","SON",""
"234","Unaligned Members","0"
"235","Chemical and Structural Biology Program","0"
"236","SON",""
"236","Unaligned Members","0"
"236","Physics",""
"236","MSTP",""
"236","Biomedical Engineering",""
"236","Biophysics",""
"237","Cancer Cell Signaling Program","0"
"238","Molecular Genetics and Epigenetics Program","0"
"239","Biomolecular Analysis Facility","0"
"239","Chemistry",""
"240","Pulmonary and Critical Care",""
"240","Unaligned Members","0"
"242","Medical Scientist Training Program","0"
"242","Molecular Physiology and Biological Physics","0"
"242","Training in Cell and Molecular Biology","0"
"242","Women's Oncology Program","0"
"242","Predoctoral Training in Neuroscience","0"
"242","Cancer Research Training in Molecular Biology ","0"
"242","Cellular and Physiological Mechanisms in Reproduction","0"
"242","Training in the Pharmacological Sciences","0"
"243","Women's Oncology Program","0"
"244","Women's Oncology Program","0"
"244","Cancer Research Training in Molecular Biology ","0"
"245","Immunology/Immunotherapy Program","0"
"245","Cardiovascular Surgery Training Center","0"
"245","Medical Scientist Training Program","0"
"245","Interdisciplinary Training Program in Immunology","0"
"245","Postdoctoral Training Grant for MDs in Surgical Oncology Research","0"
"245","Surgical Infectious Diseases and Transplantation Training Grant","0"
"245","Postdoctoral Training Grant for MDs in Surgical Oncology Research Yrs 6-10","0"
"246","Molecular Genetics and Epigenetics Program","0"
"246","Training in Cell and Molecular Biology","0"
"246","Cancer Research Training in Molecular Biology ","0"
"246","Medical Scientist Training Program","0"
"246","Short-Term Training to Increase Diversity in Health-Related Research","0"
"247","Molecular Genetics and Epigenetics Program","0"
"247","Training in Cell and Molecular Biology","0"
"247","Cancer Research Training in Molecular Biology ","0"
"248","Gastroenterology and Hepatology",""
"248","Immunology/Immunotherapy Program","0"
"249","Training in Molecular Biophysics","0"
"249","Basic Cardiovascular Research Training Grant","0"
"249","Training in Cell and Molecular Biology","0"
"249","Medical Scientist Training Program","0"
"249","Kidney Disease and Inflammation","0"
"249","Short-Term Training to Increase Diversity in Health-Related Research","0"
"249","Research Training in Digestive Diseases","0"
"249","Cardiovascular Research Center","0"
"249","Chemical and Structural Biology Program","0"
"250","Women's Oncology Program","0"
"251","Women's Oncology Program","0"
"252","SON",""
"252","Unaligned Members","0"
"253","Immunology/Immunotherapy Program","0"
"253","Cardiovascular Surgery Training Center","0"
"253","Infectious Diseases Training Program","0"
"253","Kidney Disease and Inflammation","0"
"254","Molecular Genetics and Epigenetics Program","0"
"254","Training in Cell and Molecular Biology","0"
"254","Cancer Research Training in Molecular Biology ","0"
"254","Cellular and Physiological Mechanisms in Reproduction","0"
"254","Medical Scientist Training Program","0"
"255","Pharmacology","0"
"256","Inflammation and Regeneration",""
"256","Immunology/Immunotherapy Program","0"
"257","Training in Molecular Biophysics","0"
"257","Training in Cell and Molecular Biology","0"
"257","Medical Scientist Training Program","0"
"257","Biodefense Research Training and Career Development","0"
"257","Biodefense & Infectious Diseases Short Term Training for Minority Students","0"
"257","Cardiovascular Research Center","0"
"257","Infectious Diseases Training Program","0"
"257","Chemical and Structural Biology Program","0"
"258","SON",""
"258","Unaligned Members","0"
"260","Immunology/Immunotherapy Program","0"
"260","Training in Cell and Molecular Biology","0"
"260","Cancer Research Training in Molecular Biology ","0"
"260","Interdisciplinary Training Program in Immunology","0"
"261","Cancer Cell Signaling Program","0"
"261","Cancer Research Training in Molecular Biology ","0"
"261","Medical Scientist Training Program","0"
"262","Cancer Cell Signaling Program","0"
"263","SON",""
"263","Unaligned Members","0"
"264","Medicine","0"
"264","Endocrinology and Metabolism",""
"264","Women's Oncology Program","0"
"264","Kidney Disease and Inflammation","0"
"265","Immunology/Immunotherapy Program","0"
"265","Basic Cardiovascular Research Training Grant","0"
"265","Cellular and Physiological Mechanisms in Reproduction","0"
"265","Medical Scientist Training Program","0"
"265","Microbiology&#44; Immunology&#44; and Cancer Biology","0"
"265","Interdisciplinary Training Program in Immunology","0"
"265","Kidney Disease and Inflammation","0"
"265","Research Training in Digestive Diseases","0"
"265","Training in Cell and Molecular Biology","0"
"265","Cardiovascular Research Center","0"
"266","Women's Oncology Program","0"
"267","Cancer Cell Signaling Program","0"
"267","Cancer Research Training in Molecular Biology ","0"
"268","Unaligned Members","0"
"270","Cancer Cell Signaling Program","0"
"270","Training in Cell and Molecular Biology","0"
"270","Cancer Research Training in Molecular Biology ","0"
"270","Cancer Center","0"
"270","Cancer Center","0"
"271","Medicine","0"
"271","Immunology/Immunotherapy Program","0"
"272","Biotechnology Training","0"
"272","Infectious Diseases Training Program","0"
"272","Short-Term Training to Increase Diversity in Health-Related Research","0"
"272","Cancer Cell Signaling Program","0"
"272","Training in Cell and Molecular Biology","0"
"272","Medical Scientist Training Program","0"
"272","Biodefense & Infectious Diseases Short Term Training for Minority Students","0"
"272","Biodefense Research Training and Career Development","0"
"273","Chemical and Structural Biology Program","0"
"273","Training in Molecular Biophysics","0"
"273","Training in Cell and Molecular Biology","0"
"273","Medical Scientist Training Program","0"
"274","Women's Oncology Program","0"
"274","Biomedical Engineering","0"
"274","Postdoctoral Training Grant for MDs in Surgical Oncology Research","0"
"274","Postdoctoral Training Grant for MDs in Surgical Oncology Research Yrs 6-10","0"
"275","Medicine","0"
"275","Immunology/Immunotherapy Program","0"
"275","Medicine- Cardiovascular Medicine",""
"276","AS",""
"276","Molecular Genetics and Epigenetics Program","0"
"276","Training in Cell and Molecular Biology","0"
"276","Cancer Research Training in Molecular Biology ","0"
"276","Cellular and Physiological Mechanisms in Reproduction","0"
"276","Medical Scientist Training Program","0"
"277","Gene Targeting and Transgenic Facility","0"
"278","Molecular Genetics and Epigenetics Program","0"
"279","Women's Oncology Program","0"
"280","Molecular Genetics and Epigenetics Program","0"
"281","Microbiology&#44; Immunology&#44; and Cancer Biology","0"
"281","AS",""
"282","Chemical and Structural Biology Program","0"
"282","Training in Molecular Biophysics","0"
"282","Training in Cell and Molecular Biology","0"
"283","Unaligned Members","0"
"283","Neuroscience","0"
"283","Predoctoral Training in Neuroscience","0"
"283","Medical Scientist Training Program","0"
"289","Beirne Carter Center for Immunology",""
"289","Interdisciplinary Training Program in Immunology","0"
"290","Microbiology",""
"290","Cell Biology",""
"292","Biochemistry and Molecular Genetics",""
"297","Center for Cell Signaling","0"
"297","Center for Cell Signaling",""
"298","Training in Cell and Molecular Biology","0"
"299","Basic Cardiovascular Research Training Grant","0"
"299","Cardiovascular Surgery Training Center","0"
"299","Medical Scientist Training Program","0"
"299","Short-Term Training to Increase Diversity in Health-Related Research","0"
"299","Cardiovascular Research Center","0"
"299","Training in Cardiovascular Imaging Research","0"
"300","Cellular and Physiological Mechanisms in Reproduction","0"
"302","Medicine- Cardiovascular Medicine",""
"302","Medicine- Cardiovascular Medicine",""
"305","Obstetrics & Gynecology",""
"306","Cancer Cell Signaling Program","0"
"307","Unaligned Members","0"
"310","Cancer Cell Signaling Program","0"
"310","Training in the Pharmacological Sciences","0"
"310","Research Training in Diabetes and Hormone Action","0"
"310","Medical Scientist Training Program","0"
"310","Short-Term Training to Increase Diversity in Health-Related Research","0"
"310","Cardiovascular Research Center","0"
"310","Cancer Research Training in Molecular Biology ","0"
"311","Urology","0"
"311","Cancer Cell Signaling Program","0"
"311","Urology","0"
"2722","Pharmacology",""
"2722","Beirne Carter Center for Immunology","0"
"2722","Interdisciplinary Training Program in Immunology","0"
"2722","Pharmacology","0"
"2722","Training in the Pharmacological Sciences","0"
"2803","Chemistry","0"
"2954","Interdisciplinary Training Program in Immunology","0"
"2954","Interdisciplinary Training Program in Immunology","0"
"3001","Interdisciplinary Training Program in Immunology","0"
"3516","Biotechnology Training","0"
"3516","Training in Cell and Molecular Biology","0"
"3516","Training in Molecular Biophysics","0"
"3766","Biotechnology Training","0"
"4542","Medicine- Infectious Diseases and International Health",""
"4555","Psychiatry and Neurobehavioral Sciences","0"
"4555","Predoctoral Training in Neuroscience","0"
"4662","Medicine- Gastroenterology and Hepatology","0"
"4662","Research Training in Digestive Diseases","0"
"4722","Medicine- Nephrology","0"
"4722","Biodefense Research Training and Career Development","0"
"4728","Interdisciplinary Training Program in Immunology","0"
"4873","Center for Research in Reproduction",""
"4946","Neuroscience","0"
"4946","Predoctoral Training in Neuroscience","0"
"4946","Neurobiology and Development Training Program","0"
"4948","Big Data Training Program","0"
"4955","Neuroscience",""
"4955","Predoctoral Training in Neuroscience","0"
"4955","Training in Cell and Molecular Biology","0"
"4956","Biodefense & Infectious Diseases Short Term Training for Minority Students","0"
"4956","Infectious Diseases Training Program","0"
"4957","Training in Cell and Molecular Biology","0"
"4957","Training in the Pharmacological Sciences","0"
"4957","Biodefense & Infectious Diseases Short Term Training for Minority Students","0"
"4957","Infectious Diseases Training Program","0"
"4957","Beirne Carter Center for Immunology","0"
"4957","Interdisciplinary Training Program in Immunology","0"
"4957","Medical Scientist Training Program","0"
"4957","Big Data Training Program","0"
"4958","Kidney Disease and Inflammation","0"
"4960","Research Training in Diabetes and Hormone Action","0"
"4961","Biochemistry and Molecular Genetics",""
"4961","Molecular Physiology and Biological Physics","0"
"4961","Cardiovascular Research Center","0"
"4964","Biomedical Engineering",""
"4967","Training in Cell and Molecular Biology","0"
"4967","Cardiovascular Research Center","0"
"4967","Training in Cardiovascular Imaging Research","0"
"4970","Biomedical Engineering","0"
"4970","Medical Scientist Training Program","0"
"4973","Microbiology&#44; Immunology&#44; and Cancer Biology","0"
"4976","Training in Cell and Molecular Biology","0"
"4976","Cell Biology","0"
"4988","Biotechnology Training","0"
"4988","Short-Term Training to Increase Diversity in Health-Related Research","0"
"4988","Cardiovascular Research Center","0"
"4989","Neuroscience","0"
"4989","Biomedical Engineering",""
"4989","Predoctoral Training in Neuroscience","0"
"4989","Training in Cell and Molecular Biology","0"
"4989","Medical Scientist Training Program","0"
"4989","Neurobiology and Development Training Program","0"
"4992","Basic Cardiovascular Research Training Grant","0"
"4992","Training in Cell and Molecular Biology","0"
"4992","Training in the Pharmacological Sciences","0"
"4992","Medical Scientist Training Program","0"
"4992","Short-Term Training to Increase Diversity in Health-Related Research","0"
"4992","Cardiovascular Research Center","0"
"4992","Biotechnology Training Program","0"
"4997","Research Training in Diabetes and Hormone Action","0"
"4997","Biomedical Engineering","0"
"4997","Kidney Disease and Inflammation","0"
"4997","Short-Term Training to Increase Diversity in Health-Related Research","0"
"4997","Cardiovascular Research Center","0"
"4997","Research Training in Neuroendocrinology","0"
"4997","Training in Cardiovascular Imaging Research","0"
"4997","Big Data Training Program","0"
"4997","Basic Cardiovascular Research Training Grant","0"
"4997","Medical Scientist Training Program","0"
"5000","Neuroscience","0"
"5000","Psychiatry and Neurobehavioral Sciences","0"
"5004","Microbiology&#44; Immunology&#44; and Cancer Biology","0"
"5004","Medical Scientist Training Program","0"
"5004","Biodefense & Infectious Diseases Short Term Training for Minority Students","0"
"5004","Biodefense Research Training and Career Development","0"
"5004","Biotechnology Training","0"
"5004","Global Infectious Disease Research Training Grant at UVa","0"
"5004","Training in Cell and Molecular Biology","0"
"5004","Beirne Carter Center for Immunology","0"
"5006","Training in Molecular Biophysics","0"
"5006","BIMS-MSTP","0"
"5006","BIMS-NESC","0"
"5006","Predoctoral Training in Neuroscience","0"
"5006","Biotechnology Training Program","0"
"5006","Training in Cell and Molecular Biology","0"
"5006","Medical Scientist Training Program","0"
"5006","Training in the Pharmacological Sciences","0"
"5007","Basic Cardiovascular Research Training Grant","0"
"5007","Short-Term Training to Increase Diversity in Health-Related Research","0"
"5007","Cardiovascular Research Center","0"
"5010","Microbiology&#44; Immunology&#44; and Cancer Biology","0"
"5010","Medical Scientist Training Program","0"
"5010","Interdisciplinary Training Program in Immunology","0"
"5010","Infectious Diseases Training Program","0"
"5010","Biodefense & Infectious Diseases Short Term Training for Minority Students","0"
"5011","Pediatrics","0"
"5015","Neuroscience","0"
"5015","Predoctoral Training in Neuroscience","0"
"5015","Research Training in Diabetes and Hormone Action","0"
"5015","Public Health Sciences","0"
"5015","Research Training in Neuroendocrinology","0"
"5016","Biomedical Engineering",""
"5016","Basic Cardiovascular Research Training Grant","0"
"5016","Molecular Physiology and Biological Physics","0"
"5020","Cellular and Physiological Mechanisms in Reproduction","0"
"5020","Medical Scientist Training Program","0"
"5022","Training in Cell and Molecular Biology","0"
"5022","Medical Scientist Training Program","0"
"5023","Neuroscience","0"
"5023","Predoctoral Training in Neuroscience","0"
"5024","Predoctoral Training in Neuroscience","0"
"5024","Neurobiology and Development Training Program","0"
"5024","Cell Biology","0"
"5024","Training in Cell and Molecular Biology","0"
"5028","Medicine- Gastroenterology and Hepatology",""
"5030","Global Infectious Disease Research Training Grant at UVa","0"
"5030","Biodefense & Infectious Diseases Short Term Training for Minority Students","0"
"5030","Infectious Diseases Training Program","0"
"5033","Biotechnology Training","0"
"5033","Interdisciplinary Training Program in Immunology","0"
"5033","Kidney Disease and Inflammation","0"
"5033","Short-Term Training to Increase Diversity in Health-Related Research","0"
"5033","Cardiovascular Research Center","0"
"5033","Training in Cardiovascular Imaging Research","0"
"5033","Research Training in Diabetes and Hormone Action","0"
"5033","Basic Cardiovascular Research Training Grant","0"
"5033","Training in the Pharmacological Sciences","0"
"5033","Medical Scientist Training Program","0"
"5033","Molecular Physiology and Biological Physics","0"
"5039","Neuroscience","0"
"5039","Predoctoral Training in Neuroscience","0"
"5039","Neurobiology and Development Training Program","0"
"5039","Biomedical Engineering","0"
"5039","Training in Cell and Molecular Biology","0"
"5039","Biotechnology Training Program","0"
"5039","Research Training in Neuroendocrinology","0"
"5039","Big Data Training Program","0"
"5040","Medical Scientist Training Program","0"
"5041","Biodefense & Infectious Diseases Short Term Training for Minority Students","0"
"5041","Infectious Diseases Training Program","0"
"5041","Surgical Infectious Diseases and Transplantation Training Grant","0"
"5043","Cardiovascular Research Center","0"
"5049","Pediatrics",""
"5052","Basic Cardiovascular Research Training Grant","0"
"5052","Medical Scientist Training Program","0"
"5052","Short-Term Training to Increase Diversity in Health-Related Research","0"
"5052","Cardiovascular Research Center","0"
"5052","Training in Cardiovascular Imaging Research","0"
"5054","Training in Cell and Molecular Biology","0"
"5054","Medical Scientist Training Program","0"
"5058","Neuroscience",""
"5058","Predoctoral Training in Neuroscience","0"
"5058","Training in Cell and Molecular Biology","0"
"5058","Training in the Pharmacological Sciences","0"
"5058","Neurobiology and Development Training Program","0"
"5058","Research Training in Diabetes and Hormone Action","0"
"5059","Cardiovascular Research Center","0"
"5060","Surgical Infectious Diseases and Transplantation Training Grant","0"
"5063","Neuroscience","0"
"5064","Medicine",""
"5064","Cellular and Physiological Mechanisms in Reproduction","0"
"5064","Research Training in Neuroendocrinology","0"
"5065","Neuroscience","0"
"5065","Predoctoral Training in Neuroscience","0"
"5066","Microbiology&#44; Immunology&#44; and Cancer Biology","0"
"5066","Microbiology","0"
"5071","Biomedical Engineering","0"
"5071","Basic Cardiovascular Research Training Grant","0"
"5071","Medical Scientist Training Program","0"
"5071","Radiology- Radiology Research","0"
"5071","Short-Term Training to Increase Diversity in Health-Related Research","0"
"5071","Cardiovascular Research Center","0"
"5071","Training in Cardiovascular Imaging Research","0"
"5072","Cardiovascular Research Center","0"
"5073","Training in Cell and Molecular Biology","0"
"5074","Medicine- Cardiovascular Medicine","0"
"5074","Short-Term Training to Increase Diversity in Health-Related Research","0"
"5074","Center for Public Health Genomics","0"
"5074","Research Training in Neuroendocrinology","0"
"5074","Big Data Training Program","0"
"5075","Cell Biology","0"
"5075","Graduate Programs Office","0"
"5076","Neuroscience",""
"5076","Research Training in Diabetes and Hormone Action","0"
"5076","Training in the Pharmacological Sciences","0"
"5076","Pharmacology","0"
"5076","Cardiovascular Research Center","0"
"5077","Biomedical Engineering",""
"5079","Training in Molecular Biophysics","0"
"5079","Predoctoral Training in Neuroscience","0"
"5079","Training in Cell and Molecular Biology","0"
"5079","Training in the Pharmacological Sciences","0"
"5079","Medical Scientist Training Program","0"
"5079","Research Training in Neuroendocrinology","0"
"5093","Big Data Training Program","0"
"5109","Neuroscience","0"
"5109","Predoctoral Training in Neuroscience","0"
"5109","Neurobiology and Development Training Program","0"
"5110","Research Training in Diabetes and Hormone Action","0"
"5114","Biomedical Engineering",""
"5117","Physiology",""
"5117","Cardiovascular Research Center","0"
"5117","Training in Cardiovascular Imaging Research","0"
"5124","Neuroscience","0"
"5124","Predoctoral Training in Neuroscience","0"
"5128","Pharmacology",""
"5132","Research Training in Diabetes and Hormone Action","0"
"5134","Predoctoral Training in Neuroscience","0"
"5135","Postdoctoral Training Grant for MDs in Surgical Oncology Research","0"
"5137","Biomedical Engineering",""
"5137","Neuroscience","0"
"5137","Predoctoral Training in Neuroscience","0"
"5150","Biomedical Engineering","0"
"5153","Predoctoral Training in Neuroscience","0"
"5153","Training in the Pharmacological Sciences","0"
"5153","Short-Term Training to Increase Diversity in Health-Related Research","0"
"5153","Training in Cell and Molecular Biology","0"
"5153","Cardiovascular Research Center","0"
"5153","Pharmacology","0"
"5153","Mol Med","0"
"5153","Brain Immunology and Glia Center","0"
"5153","Neuroscience","0"
"5157","Cardiovascular Research Center","0"
"5157","Training in Cardiovascular Imaging Research","0"
"5159","Cardiovascular Research Center","0"
"5161","Neuroscience","0"
"5161","Predoctoral Training in Neuroscience","0"
"5161","Medical Scientist Training Program","0"
"5163","Training in the Pharmacological Sciences","0"
"5163","Kidney Disease and Inflammation","0"
"5163","Short-Term Training to Increase Diversity in Health-Related Research","0"
"5163","Research Training in Digestive Diseases","0"
"5163","Cardiovascular Research Center","0"
"5163","Research Training in Neuroendocrinology","0"
"5163","Research Training in Diabetes and Hormone Action","0"
"5163","Basic Cardiovascular Research Training Grant","0"
"5164","Biomedical Engineering",""
"5164","Training in Molecular Biophysics","0"
"5169","Global Infectious Disease Research Training Program Award","0"
"5169","Biodefense & Infectious Diseases Short Term Training for Minority Students","0"
"5169","Biodefense Research Training and Career Development","0"
"5169","Infectious Diseases Training Program","0"
"5170","Cancer Center","0"
"5177","Neuroscience","0"
"5177","Predoctoral Training in Neuroscience","0"
"5180","Medical Scientist Training Program","0"
"5180","Research Training in Diabetes and Hormone Action","0"
"5180","Short-Term Training to Increase Diversity in Health-Related Research","0"
"5180","Cardiovascular Research Center","0"
"5180","Training in Cardiovascular Imaging Research","0"
"5180","Big Data Training Program","0"
"5180","Basic Cardiovascular Research Training Grant","0"
"5184","Cardiovascular Surgery Training Center","0"
"5184","Short-Term Training to Increase Diversity in Health-Related Research","0"
"5184","Cardiovascular Research Center","0"
"5185","Cardiovascular Research Center","0"
"5185","Training in Cardiovascular Imaging Research","0"
"5187","Biomedical Engineering","0"
"5190","Biotechnology Training Program","0"
"5199","Neuroscience",""
"5203","Research Training in Digestive Diseases","0"
"5203","Postdoctoral Training Grant for MDs in Surgical Oncology Research Yrs 6-10","0"
"5210","Cardiovascular Research Center","0"
"5211","Big Data Training Program","0"
"5212","Biodefense & Infectious Diseases Short Term Training for Minority Students","0"
"5212","Biodefense Research Training and Career Development","0"
"5212","Infectious Diseases Training Program","0"
"5212","Infectious Diseases Training Program","0"
"5215","Basic Cardiovascular Research Training Grant","0"
"5215","Medical Scientist Training Program","0"
"5215","Short-Term Training to Increase Diversity in Health-Related Research","0"
"5215","Cardiovascular Research Center","0"
"5216","Biomedical Engineering","0"
"5227","Medicine- Nephrology","0"
"5227","Pharmacology","0"
"5228","Cardiovascular Research Center","0"
"5229","Cardiovascular Research Center","0"
"5233","Biomedical Engineering",""
"5233","Basic Cardiovascular Research Training Grant","0"
"5233","Medical Scientist Training Program","0"
"5233","Kidney Disease and Inflammation","0"
"5233","Short-Term Training to Increase Diversity in Health-Related Research","0"
"5233","Cardiovascular Research Center","0"
"5233","Research Training in Neuroendocrinology","0"
"5235","Predoctoral Training in Neuroscience","0"
"5237","Neuroscience","0"
"5237","Biology","0"
"5240","Microbiology&#44; Immunology&#44; and Cancer Biology","0"
"5241","Training in Molecular Biophysics","0"
"5243","Short-Term Training to Increase Diversity in Health-Related Research","0"
"5243","Surgical Infectious Diseases and Transplantation Training Grant","0"
"5243","Cardiovascular Research Center","0"
"5243","Cardiovascular Surgery Training Center","0"
"5245","Neuroscience","0"
"5245","Predoctoral Training in Neuroscience","0"
"5245","Training in Cell and Molecular Biology","0"
"5247","Pediatrics",""
"5250","Neuroscience","0"
"5250","Predoctoral Training in Neuroscience","0"
"5253","Neurosurgery","0"
"5254","Neuroscience","0"
"5254","Predoctoral Training in Neuroscience","0"
"5255","Cardiovascular Research Center","0"
"5260","Microbiology",""
"5260","Microbiology&#44; Immunology&#44; and Cancer Biology","0"
"5260","Interdisciplinary Training Program in Immunology","0"
"5264","Global Infectious Disease Research Training Grant at UVa","0"
"5265","Predoctoral Training in Neuroscience","0"
"5265","Medical Scientist Training Program","0"
"5265","Biotechnology Training","0"
"5265","Cardiovascular Research Center","0"
"5267","Neuroscience",""
"5267","Predoctoral Training in Neuroscience","0"
"5267","Basic Cardiovascular Research Training Grant","0"
"5267","Short-Term Training to Increase Diversity in Health-Related Research","0"
"5267","Cardiovascular Research Center","0"
"5267","Research Training in Neuroendocrinology","0"
"5267","Biodefense & Infectious Diseases Short Term Training for Minority Students","0"
"5278","Cardiovascular Research Center","0"
"5279","Training in Cardiovascular Imaging Research","0"
"5281","Microbiology","0"
"5285","Microbiology",""
"5294","Neuroscience",""
"5295","Neuroscience","0"
"5295","Predoctoral Training in Neuroscience","0"
"5295","Medical Scientist Training Program","0"
"5295","Training in Cell and Molecular Biology","0"
"5299","Big Data Training Program","0"
"5299","Basic Cardiovascular Research Training Grant","0"
"5299","Biotechnology Training Program","0"
"5299","Training in the Pharmacological Sciences","0"
"5299","Short-Term Training to Increase Diversity in Health-Related Research","0"
"5299","Training in Cell and Molecular Biology","0"
"5299","Cardiovascular Research Center","0"
"5299","Training in Molecular Biophysics","0"
"5299","Training in Cardiovascular Imaging Research","0"
"5300","Neuroscience","0"
"5300","Predoctoral Training in Neuroscience","0"
"5300","Training in Cell and Molecular Biology","0"
"5300","Training in the Pharmacological Sciences","0"
"5300","Medical Scientist Training Program","0"
"5302","Predoctoral Training in Neuroscience","0"
"5302","Training in the Pharmacological Sciences","0"
"5302","Medical Scientist Training Program","0"
"5302","Neurobiology and Development Training Program","0"
"5302","Biotechnology Training","0"
"5302","Beirne Carter Center for Immunology","0"
"5302","BIMS-MII","0"
"5302","BIMS-Immunology","0"
"5302","MSTP","0"
"5302","BIMS-NESC","0"
"5302","Interdisciplinary Training Program in Immunology","0"
"5302","Short-Term Training to Increase Diversity in Health-Related Research","0"
"5302","Training in Cell and Molecular Biology","0"
"5302","Brain Immunology and Glia Center","0"
"5303","Neuroscience","0"
"5303","Predoctoral Training in Neuroscience","0"
"5303","Medical Scientist Training Program","0"
"5303","Short-Term Training to Increase Diversity in Health-Related Research","0"
"5303","Predoctoral Training in Neuroscience","0"
"5303","Research Training in Neuroendocrinology","0"
"5306","Gastroenterology","0"
"5309","Global Infectious Disease Research Training Grant at UVa","0"
"5318","Medicine- Cardiovascular Medicine","0"
"5318","Cardiovascular Research Center","0"
"5318","Training in Cardiovascular Imaging Research","0"
"5324","Beirne Carter Center for Immunology","0"
"5324","Interdisciplinary Training Program in Immunology","0"
"5328","Medical Scientist Training Program","0"
"5332","Cardiovascular Research Center","0"
"5333","Neuroscience","0"
"5333","Predoctoral Training in Neuroscience","0"
"5334","Biomedical Engineering","0"
"5334","Medical Scientist Training Program","0"
"5335","Biodefense & Infectious Diseases Short Term Training for Minority Students","0"
"5335","Biodefense Research Training and Career Development","0"
"5335","Global Infectious Disease Research Training Grant at UVa","0"
"5335","Infectious Diseases Training Program","0"
"5335","Big Data Training Program","0"
"5340","Biomedical Engineering","0"
"5340","Cardiovascular Research Center","0"
"5341","Biomedical Engineering","0"
"5344","Neurosurgery","0"
"5344","Neuroscience","0"
"5344","Cancer Center","0"
"5345","Predoctoral Training in Neuroscience","0"
"5345","Neurobiology and Development Training Program","0"
"5345","Biotechnology Training","0"
"5345","Cell Biology","0"
"5349","Training in the Pharmacological Sciences","0"
"5349","Medical Scientist Training Program","0"
"5349","Biodefense & Infectious Diseases Short Term Training for Minority Students","0"
"5349","Cancer Research Training in Molecular Biology ","0"
"5352","Cardiovascular Research Center","0"
"5355","Neuroscience","0"
"5355","Research Training in Neuroendocrinology","0"
"5361","Basic Cardiovascular Research Training Grant","0"
"5361","Biotechnology Training Program","0"
"5361","Training in Cell and Molecular Biology","0"
"5361","Medical Scientist Training Program","0"
"5361","Short-Term Training to Increase Diversity in Health-Related Research","0"
"5361","Cardiovascular Research Center","0"
"5361","Training in Cardiovascular Imaging Research","0"
"5361","Big Data Training Program","0"
"5362","Biodefense & Infectious Diseases Short Term Training for Minority Students","0"
"5362","Biochemistry and Molecular Genetics","0"
"5362","Short-Term Training to Increase Diversity in Health-Related Research","0"
"5362","Graduate Programs Office","0"
"5363","Postdoctoral Training Grant for MDs in Surgical Oncology Research","0"
"5366","Training in Cell and Molecular Biology","0"
"5366","Medical Scientist Training Program","0"
"5372","Training in Cardiovascular Imaging Research","0"
"5376","Training in Cardiovascular Imaging Research","0"
"5380","Infectious Diseases Training Program","0"
"5380","Infectious Diseases Training Program","0"
"5383","Cardiovascular Surgery Training Center","0"
"5383","Research Training in Neuroendocrinology","0"
"5390","Kidney Disease and Inflammation","0"
"5400","Biophysics",""
"5402","Big Data Training Program","0"
"5404","Neuro-TG","0"
"5404","Predoctoral Training in Neuroscience","0"
"5404","Basic Cardiovascular Research Training Grant","0"
"5404","Cardiovascular Surgery Training Center","0"
"5404","Medical Scientist Training Program","0"
"5404","Neurobiology and Development Training Program","0"
"5404","Biotechnology Training","0"
"5404","Short-Term Training to Increase Diversity in Health-Related Research","0"
"5404","Cardiovascular Research Center","0"
"5410","Research Training in Diabetes and Hormone Action","0"
"5412","Cardiovascular Research Center","0"
"5415","Allergy and Immunology","0"
"5415","Immunology/Immunotherapy Program","0"
"5415","Medical Scientist Training Program","0"
"5415","Interdisciplinary Training Program in Immunology","0"
"5416","Pharmacology","0"
"5417","Cardiovascular Research Center","0"
"5421","Neuroscience","0"
"5421","Predoctoral Training in Neuroscience","0"
"5428","Medicine- Nephrology","0"
"5428","Interdisciplinary Training Program in Immunology","0"
"5440","Research Training in Diabetes and Hormone Action","0"
"5443","Cardiovascular Research Center","0"
"5447","Biodefense & Infectious Diseases Short Term Training for Minority Students","0"
"5447","Biodefense Research Training and Career Development","0"
"5447","Infectious Diseases Training Program","0"
"5447","Infectious Diseases Training Program","0"
"5455","Research Training in Neuroendocrinology","0"
"5457","Neuroscience","0"
"5457","Predoctoral Training in Neuroscience","0"
"5458","Training in Molecular Biophysics","0"
"5458","Basic Cardiovascular Research Training Grant","0"
"5458","Short-Term Training to Increase Diversity in Health-Related Research","0"
"5458","Cardiovascular Research Center","0"
"5461","Research Training in Neuroendocrinology","0"
"5466","Cardiovascular Research Center","0"
"5483","Predoctoral Training in Neuroscience","0"
"5483","Neuroscience","0"
"5484","Pediatrics",""
"5486","Biomedical Engineering",""
"5486","Neuroscience","0"
"5486","Predoctoral Training in Neuroscience","0"
"5486","Training in Cell and Molecular Biology","0"
"5486","Cardiovascular Research Center","0"
"5488","Biology","0"
"5488","Training in Cell and Molecular Biology","0"
"5489","Short-Term Training to Increase Diversity in Health-Related Research","0"
"5491","Biomedical Engineering","0"
"5495","Neuroscience","0"
"5495","Predoctoral Training in Neuroscience","0"
"5495","Cellular and Physiological Mechanisms in Reproduction","0"
"5495","Medical Scientist Training Program","0"
"5499","Training in the Pharmacological Sciences","0"
"5499","Neurobiology and Development Training Program","0"
"5499","Research Training in Diabetes and Hormone Action","0"
"5499","Neuroscience",""
"5501","Postdoctoral Training Grant for MDs in Surgical Oncology Research","0"
"5505","Training in Cell and Molecular Biology","0"
"5507","Cardiovascular Research Center","0"
"5510","Biotechnology Training Program","0"
"5510","Training in Molecular Biophysics","0"
"5512","Basic Cardiovascular Research Training Grant","0"
"5512","Training in Cell and Molecular Biology","0"
"5512","Medical Scientist Training Program","0"
"5512","Biochemistry and Molecular Genetics","0"
"5512","Research Training in Diabetes and Hormone Action","0"
"5512","Kidney Disease and Inflammation","0"
"5512","Short-Term Training to Increase Diversity in Health-Related Research","0"
"5512","Cardiovascular Research Center","0"
"5512","Center for Public Health Genomics","0"
"5513","Medicine- Cardiovascular Medicine","0"
"5513","Biomedical Engineering","0"
"5513","Radiology","0"
"5513","Cardiovascular Research Center","0"
"5513","Training in Cardiovascular Imaging Research","0"
"5513","Medicine- Cardiac Imaging Center",""
"5523","Training in Cell and Molecular Biology","0"
"5523","Big Data Training Program","0"
"5525","Training in Molecular Biophysics","0"
"5525","Basic Cardiovascular Research Training Grant","0"
"5525","Training in Cell and Molecular Biology","0"
"5525","Training in the Pharmacological Sciences","0"
"5525","Medical Scientist Training Program","0"
"5525","Medicine- Cardiovascular Medicine","0"
"5525","Biotechnology Training","0"
"5525","Kidney Disease and Inflammation","0"
"5525","Short-Term Training to Increase Diversity in Health-Related Research","0"
"5525","Cardiovascular Research Center","0"
"5525","Training in Cardiovascular Imaging Research","0"
"5526","Neuroscience","0"
"5526","Predoctoral Training in Neuroscience","0"
"5529","Neuroscience",""
"5529","Predoctoral Training in Neuroscience","0"
"5529","Training in Cell and Molecular Biology","0"
"5529","Medical Scientist Training Program","0"
"5529","CMB","0"
"5529","Neurobiology and Development Training Program","0"
"5529","Cancer Research Training in Molecular Biology ","0"
"5529","BIMS-MSTP","0"
"5529","Cell Biology","0"
"5530","Cardiovascular Research Center","0"
"5532","Predoctoral Training in Neuroscience","0"
"5533","Beirne Carter Center for Immunology","0"
"5533","Research Training in Diabetes and Hormone Action","0"
"5533","Basic Cardiovascular Research Training Grant","0"
"5533","Training in Cell and Molecular Biology","0"
"5533","Training in the Pharmacological Sciences","0"
"5533","Medical Scientist Training Program","0"
"5533","Interdisciplinary Training Program in Immunology","0"
"5533","Short-Term Training to Increase Diversity in Health-Related Research","0"
"5533","Cardiovascular Research Center","0"
"5533","Research Training in Neuroendocrinology","0"
"5542","Neuroscience","0"
"5542","Predoctoral Training in Neuroscience","0"
"5542","Basic Cardiovascular Research Training Grant","0"
"5542","Biomedical Engineering","0"
"5542","Medical Scientist Training Program","0"
"5542","Short-Term Training to Increase Diversity in Health-Related Research","0"
"5542","Cardiovascular Research Center","0"
"5542","Biotechnology Training Program","0"
"5546","Neuroscience","0"
"5546","Predoctoral Training in Neuroscience","0"
"5546","Medical Scientist Training Program","0"
"5546","Neurobiology and Development Training Program","0"
"5549","Global Infectious Disease Research Training Grant at UVa","0"
"5550","Biomedical Engineering","0"
"5552","Medical Scientist Training Program","0"
"5552","Short-Term Training to Increase Diversity in Health-Related Research","0"
"5552","Cardiovascular Research Center","0"
"5552","Research Training in Neuroendocrinology","0"
"5552","Neuroscience","0"
"5552","Predoctoral Training in Neuroscience","0"
"5552","Basic Cardiovascular Research Training Grant","0"
"5552","Training in Cell and Molecular Biology","0"
"5552","Training in the Pharmacological Sciences","0"
"5555","Kidney Disease and Inflammation","0"
"5561","Medicine","0"
"5562","Training in Molecular Biophysics","0"
"5562","Biomedical Engineering","0"
"5562","Medical Scientist Training Program","0"
"5562","Training in Cell and Molecular Biology","0"
"5562","Biodefense Research Training and Career Development","0"
"5562","Infectious Diseases Training Program","0"
"5562","Big Data Training Program","0"
"5566","Short-Term Training to Increase Diversity in Health-Related Research","0"
"5566","Cardiovascular Research Center","0"
"5566","Research Training in Neuroendocrinology","0"
"5566","Training in Molecular Biophysics","0"
"5566","Basic Cardiovascular Research Training Grant","0"
"5566","Training in Cell and Molecular Biology","0"
"5566","Training in the Pharmacological Sciences","0"
"5566","Medical Scientist Training Program","0"
"5569","Microbiology&#44; Immunology&#44; and Cancer Biology","0"
"5569","Biodefense & Infectious Diseases Short Term Training for Minority Students","0"
"5569","Infectious Diseases Training Program","0"
"5569","Infectious Diseases Training Program","0"
"5576","Biomedical Engineering",""
"5576","Cardiovascular Research Center","0"
"5586","Biodefense & Infectious Diseases Short Term Training for Minority Students","0"
"5586","Biotechnology Training","0"
"5586","Infectious Diseases Training Program","0"
"5586","Infectious Diseases Training Program","0"
"5589","Global Infectious Disease Research Training Program Award","0"
"5592","Neuroscience",""
"5592","Predoctoral Training in Neuroscience","0"
"5592","Training in Cell and Molecular Biology","0"
"5592","Medical Scientist Training Program","0"
"5593","Medical Scientist Training Program","0"
"5596","Basic Cardiovascular Research Training Grant","0"
"5596","Medical Scientist Training Program","0"
"5596","Kidney Disease and Inflammation","0"
"5596","Short-Term Training to Increase Diversity in Health-Related Research","0"
"5596","Cardiovascular Research Center","0"
"5597","Postdoctoral Training Grant for MDs in Surgical Oncology Research","0"
"5598","Training in Molecular Biophysics","0"
"5599","Biochemistry and Molecular Genetics","0"
"5608","Kidney Disease and Inflammation","0"
"5608","Cardiovascular Research Center","0"
"5610","Biomedical Engineering",""
"5610","Training in Molecular Biophysics","0"
"5610","Basic Cardiovascular Research Training Grant","0"
"5610","Short-Term Training to Increase Diversity in Health-Related Research","0"
"5610","Cardiovascular Research Center","0"
"5611","Research Training in Diabetes and Hormone Action","0"
"5611","Basic Cardiovascular Research Training Grant","0"
"5611","Medical Scientist Training Program","0"
"5611","Kidney Disease and Inflammation","0"
"5611","Short-Term Training to Increase Diversity in Health-Related Research","0"
"5611","Cardiovascular Research Center","0"
"5613","Biotechnology Training Program","0"
"5628","Biomedical Engineering","0"
"5629","Cardiovascular Surgery Training Center","0"
"5629","Surgical Infectious Diseases and Transplantation Training Grant","0"
"5629","Postdoctoral Training Grant for MDs in Surgical Oncology Research Yrs 6-10","0"
"5641","Medical Scientist Training Program","0"
"5641","Research Training in Digestive Diseases","0"
"5644","Cell Biology","0"
"5652","Brain Immunology and Glia Center","0"
"5652","Training in Cell and Molecular Biology","0"
"5652","AS","0"
"5652","Neuroscience","0"
"5652","Predoctoral Training in Neuroscience","0"
"5652","Neurobiology and Development Training Program","0"
"5652","Cell Biology","0"
"5654","Medicine- Cardiovascular Medicine","0"
"5662","Big Data Training Program","0"
"5667","Big Data Training Program","0"
"5667","Biomedical Engineering",""
"5667","Basic Cardiovascular Research Training Grant","0"
"5667","Biotechnology Training Program","0"
"5667","Training in Cell and Molecular Biology","0"
"5667","Training in the Pharmacological Sciences","0"
"5667","Medical Scientist Training Program","0"
"5667","Short-Term Training to Increase Diversity in Health-Related Research","0"
"5667","Cardiovascular Research Center","0"
"5667","Training in Molecular Biophysics","0"
"5667","Ophthalmology","0"
"5667","Plastic Surgery","0"
"5667","ENG","0"
"5671","Predoctoral Training in Neuroscience","0"
"5671","Neurobiology and Development Training Program","0"
"5676","Training in Cell and Molecular Biology","0"
"5676","Medical Scientist Training Program","0"
"5676","Cell Biology","0"
"5676","Research Training in Diabetes and Hormone Action","0"
"5676","Short-Term Training to Increase Diversity in Health-Related Research","0"
"5679","Big Data Training Program","0"
"5683","Research Training in Neuroendocrinology","0"
"5683","Big Data Training Program","0"
"5683","Basic Cardiovascular Research Training Grant","0"
"5683","Global Infectious Disease Research Training Grant at UVa","0"
"5683","Medical Scientist Training Program","0"
"5683","Medicine- Cardiovascular Medicine","0"
"5683","Research Training in Diabetes and Hormone Action","0"
"5683","Biotechnology Training","0"
"5683","Kidney Disease and Inflammation","0"
"5683","Short-Term Training to Increase Diversity in Health-Related Research","0"
"5683","Research Training in Digestive Diseases","0"
"5683","Cardiovascular Research Center","0"
"5685","Predoctoral Training in Neuroscience","0"
"5685","Training in the Pharmacological Sciences","0"
"5685","Medical Scientist Training Program","0"
"5685","Neuroscience","0"
"5685","Research Training in Neuroendocrinology","0"
"5691","Biomedical Engineering",""
"5696","Medical Scientist Training Program","0"
"5696","Cardiovascular Research Center","0"
"5699","Cardiovascular Research Center","0"
"5699","Cancer Center","0"
"5699","Cancer Center","0"
"5699","Research Training in Neuroendocrinology","0"
"5699","Training in Cell and Molecular Biology","0"
"5699","Training in the Pharmacological Sciences","0"
"5699","Medical Scientist Training Program","0"
"5699","Cardiovascular Research Center","0"
"5699","Endocrinology ","0"
"5702","Postdoctoral Training Grant for MDs in Surgical Oncology Research Yrs 6-10","0"
"5703","Kidney Disease and Inflammation","0"
"5703","Cardiovascular Research Center","0"
"5710","Biomedical Engineering","0"
"5717","Medicine- Nephrology","0"
"5717","Pharmacology","0"
"5719","Cardiovascular Research Center","0"
"5721","Molecular Physiology and Biological Physics","0"
"5721","Cardiovascular Research Center","0"
"5721","Basic Cardiovascular Research Training Grant","0"
"5721","Cardiovascular Surgery Training Center","0"
"5721","Medical Scientist Training Program","0"
"5721","Kidney Disease and Inflammation","0"
"5721","Short-Term Training to Increase Diversity in Health-Related Research","0"
"5725","Neuroscience","0"
"5725","Predoctoral Training in Neuroscience","0"
"5729","Short-Term Training to Increase Diversity in Health-Related Research","0"
"5730","Neuroscience","0"
"5730","Biomedical Engineering",""
"5730","Predoctoral Training in Neuroscience","0"
"5736","Pharmacology","0"
"5738","Cardiovascular Research Center","0"
"5742","Biodefense & Infectious Diseases Short Term Training for Minority Students","0"
"5742","Postdoctoral Training Grant for MDs in Surgical Oncology Research","0"
"5742","Short-Term Training to Increase Diversity in Health-Related Research","0"
"5742","Biomedical Engineering","0"
"5742","Cardiovascular Research Center","0"
"5742","ENG","0"
"5742","Postdoctoral Training Grant for MDs in Surgical Oncology Research Yrs 6-10","0"
"5742","Training in Molecular Biophysics","0"
"5742","Basic Cardiovascular Research Training Grant","0"
"5742","Training in Cell and Molecular Biology","0"
"5742","Medical Scientist Training Program","0"
"5744","Neuroscience","0"
"5744","Predoctoral Training in Neuroscience","0"
"5744","Neurobiology and Development Training Program","0"
"5745","Kidney Disease and Inflammation","0"
"5749","Global Infectious Disease Research Training Program Award","0"
"5749","Medical Scientist Training Program","0"
"5749","Infectious Diseases Training Program","0"
"5749","Infectious Diseases Training Program","0"
"5749","Surgical Infectious Diseases and Transplantation Training Grant","0"
"5749","Cardiovascular Research Center","0"
"5749","Biodefense & Infectious Diseases Short Term Training for Minority Students","0"
"5752","Neuroscience","0"
"5752","Biomedical Engineering",""
"5752","Predoctoral Training in Neuroscience","0"
"5754","Training in Cell and Molecular Biology","0"
"5754","Medical Scientist Training Program","0"
"5754","Cardiovascular Research Center","0"
"5756","Cellular and Physiological Mechanisms in Reproduction","0"
"5759","Training in Cell and Molecular Biology","0"
"5760","Biodefense & Infectious Diseases Short Term Training for Minority Students","0"
"5760","Biotechnology Training","0"
"5760","Infectious Diseases Training Program","0"
"5766","Research Training in Diabetes and Hormone Action","0"
"5766","Cardiovascular Research Center","0"
"5766","Research Training in Neuroendocrinology","0"
"5767","Basic Cardiovascular Research Training Grant","0"
"5767","Training in the Pharmacological Sciences","0"
"5767","Pharmacology","0"
"5767","Research Training in Diabetes and Hormone Action","0"
"5767","Kidney Disease and Inflammation","0"
"5767","Short-Term Training to Increase Diversity in Health-Related Research","0"
"5767","Cardiovascular Research Center","0"
"5767","Big Data Training Program","0"
"5768","Cardiovascular Research Center","0"
"5782","Medicine- Cardiovascular Medicine",""
"5973","Center for Cell Signaling",""
"5973","Microbiology&#44; Immunology&#44; and Cancer Biology","0"
"5991","Plastic Surgery",""
"9775","Chemistry",""
"9775","Molecular Physiology and Biological Physics","0"
"12790","BIMS-SCBB",""
"12790","Neuroscience",""
"13623","BIMS-SCBB",""
"23531","Psychiatric Medicine",""
"30192","MSTP",""
"30192","Biochemistry and Molecular Genetics",""
"30192","Research Training in Diabetes and Hormone Action","0"
"30192","Medicine- Endocrinology and Metabolism","0"
"30246","Biochemistry and Molecular Genetics",""
"36113","Beirne Carter Center for Immunology","0"
"36113","Cancer Center","0"
"36113","Pathology (Experimental)","0"
"36113","MSTP","0"
"36113","Interdisciplinary Training Program in Immunology","0"
"36113","Immunology/Immunotherapy Program","0"
"36113","BIMS-Immunology","0"
"36113","BIMS-MSTP","0"
"36113","CMB",""
"44380","Medicine- Cardiovascular Medicine",""
"44380","Medicine- Cardiovascular Medicine","0"
"61108","Training in the Pharmacological Sciences","0"
"61108","Medical Scientist Training Program","0"
"61108","Training in Cell and Molecular Biology","0"
"61109","Training in the Pharmacological Sciences","0"
"61109","Medical Scientist Training Program","0"
"61109","Training in Cell and Molecular Biology","0"
"61109","Interdisciplinary Training Program in Immunology","0"
"61113","Neurobiology and Development Training Program","0"
"61113","Biotechnology Training","0"
"61113","Medical Scientist Training Program","0"
"61113","Training in the Pharmacological Sciences","0"
"61113","Brain Immunology and Glia Center","0"
"61114","Biophysics",""
"61114","Neuroscience","0"
"61138","Biotechnology Training","0"
"61144","Biophysics",""
"61180","Biodefense Research Training and Career Development","0"
"61180","Medical Scientist Training Program","0"
"61180","Biodefense & Infectious Diseases Short Term Training for Minority Students","0"
"61180","Infectious Diseases Training Program","0"
"61180","Big Data Training Program","0"
"61181","Molecular Genetics and Epigenetics Program","0"
"61181","Training in Cell and Molecular Biology","0"
"61181","Biotechnology Training Program","0"
"61181","Public Health Sciences","0"
"61181","Cancer Center","0"
"61181","Cancer Research Training in Molecular Biology ","0"
"61182","Neuroscience","0"
"61182","BIMS-BMBG","0"
"61182","BIMS-NESC","0"
"61182","Medical Scientist Training Program","0"
"61182","Biotechnology Training Program","0"
"61182","Training in Cell and Molecular Biology","0"
"61182","Cardiovascular Research Center","0"
"61183","Cancer Center","0"
"61183","Medical Scientist Training Program","0"
"61183","Training in Cell and Molecular Biology","0"
"61183","Cancer Research Training in Molecular Biology ","0"
"63043","Cancer Center","0"
"63044","Biotechnology Training Program","0"
"63044","Training in Cell and Molecular Biology","0"
"63044","Training in the Pharmacological Sciences","0"
"63044","Cancer Research Training in Molecular Biology ","0"
"63044","Brain Immunology and Glia Center","0"
"63044","Cancer Center","0"
"63044","Neuroscience","0"
"63048","Cardiovascular Research Center","0"
"63055","Interdisciplinary Training Program in Immunology","0"
"63055","Infectious Diseases Training Program","0"
"63055","Brain Immunology and Glia Center","0"
"63055","Beirne Carter Center for Immunology","0"
"63055","Neuroscience","0"
"63065","Training in Cell and Molecular Biology","0"
"64575","Microbiology&#44; Immunology&#44; and Cancer Biology","0"
"64575","Interdisciplinary Training Program in Immunology","0"
"64575","Infectious Diseases Training Program","0"
"64575","Big Data Training Program","0"
"64575","Cancer Research Training in Molecular Biology ","0"
"64576","Pharmacology","0"
"64576","Pediatrics","0"
"64577","Training in Cell and Molecular Biology","0"
"64577","Big Data Training Program","0"
"64577","Neuroscience","0"
"64587","Research Training in Neuroendocrinology","0"
"64673","Training in Cell and Molecular Biology","0"
"64673","Postdoctoral Training Grant for MDs in Surgical Oncology Research Yrs 6-10","0"
"64673","Infectious Diseases Training Program","0"
"64676","Cardiovascular Research Center","0"
"64676","ENG","0"
"64676","Biomedical Engineering","0"
"64678","Biology","0"
"64678","Training in Cell and Molecular Biology","0"
"64678","Cardiovascular Research Center","0"
"64692","Biotechnology Training Program","0"
"64693","Brain Immunology and Glia Center","0"
"64693","Biomedical Engineering","0"
"64693","Biotechnology Training Program","0"
"64695","Postdoctoral Training Grant for MDs in Surgical Oncology Research Yrs 6-10","0"
"64696","Infectious Disease","0"
"64696","Infectious Diseases Training Program","0"
"64725","Pathology","0"
"64725","Cancer Center","0"
"66349","Public Health Sciences","0"
"66349","Cancer Center","0"
"66349","Big Data Training Program","0"
"66353","Training in Cell and Molecular Biology","0"
"66356","Training in the Pharmacological Sciences","0"
"66361","Neuroscience","0"
"66361","Brain Immunology and Glia Center","0"
"66361","Neuroimmunology","0"
"66378","Postdoctoral Training Grant for MDs in Surgical Oncology Research Yrs 6-10","0"
"66379","Postdoctoral Training Grant for MDs in Surgical Oncology Research Yrs 6-10","0"
"66380","Postdoctoral Training Grant for MDs in Surgical Oncology Research Yrs 6-10","0"
"66381","Postdoctoral Training Grant for MDs in Surgical Oncology Research Yrs 6-10","0"
"66383","Infectious Diseases Training Program","0"
"66384","Infectious Diseases Training Program","0"
"66394","Center for Cell Signaling","0"
"66399","Biochemistry and Molecular Genetics","0"
"66399","Center for Public Health Genomics","0"
"66443","Infectious Diseases Training Program","0"
"66444","Big Data Training Program","0"
"66445","Big Data Training Program","0"
"66446","Big Data Training Program","0"
"66447","Big Data Training Program","0"
"66448","Big Data Training Program","0"
"66449","Big Data Training Program","0"
"66450","Big Data Training Program","0"
"66492","Big Data Training Program","0"
"66493","Big Data Training Program","0"
