"userid","primary"
"2","Radiation Oncology"
"2","Radiation Oncology"
"2","Radiation Oncology"
"2","Radiation Oncology"
"3","Microbiology&#44; Immunology&#44; and Cancer Biology"
"3","Microbiology&#44; Immunology&#44; and Cancer Biology"
"3","Microbiology&#44; Immunology&#44; and Cancer Biology"
"3","Microbiology&#44; Immunology&#44; and Cancer Biology"
"3","Microbiology&#44; Immunology&#44; and Cancer Biology"
"3","Microbiology&#44; Immunology&#44; and Cancer Biology"
"6","Biology"
"6","Biology"
"6","Biology"
"6","Biology"
"8","Molecular Physiology and Biological Physics"
"11","Biochemistry and Molecular Genetics"
"11","Biochemistry and Molecular Genetics"
"11","Biochemistry and Molecular Genetics"
"11","Biochemistry and Molecular Genetics"
"11","Biochemistry and Molecular Genetics"
"12","Orthopaedic Surgery"
"12","Orthopaedic Surgery"
"12","Orthopaedic Surgery"
"12","Orthopaedic Surgery"
"12","Orthopaedic Surgery"
"15","Biochemistry and Molecular Genetics"
"15","Biochemistry and Molecular Genetics"
"15","Biochemistry and Molecular Genetics"
"15","Biochemistry and Molecular Genetics"
"15","Biochemistry and Molecular Genetics"
"15","Biochemistry and Molecular Genetics"
"15","Biochemistry and Molecular Genetics"
"16","Microbiology&#44; Immunology&#44; and Cancer Biology"
"16","Microbiology&#44; Immunology&#44; and Cancer Biology"
"16","Microbiology&#44; Immunology&#44; and Cancer Biology"
"16","Microbiology&#44; Immunology&#44; and Cancer Biology"
"16","Microbiology&#44; Immunology&#44; and Cancer Biology"
"16","Microbiology&#44; Immunology&#44; and Cancer Biology"
"16","Microbiology&#44; Immunology&#44; and Cancer Biology"
"16","Microbiology&#44; Immunology&#44; and Cancer Biology"
"18","Radiology and Biomedical Engineering"
"18","Radiology and Biomedical Engineering"
"18","Radiology and Medical Imaging"
"18","Radiology and Medical Imaging"
"18","Radiology and Biomedical Engineering"
"18","Radiology and Medical Imaging"
"18","Radiology and Biomedical Engineering"
"18","Radiology and Biomedical Engineering"
"18","Radiology and Medical Imaging"
"18","Radiology and Medical Imaging"
"18","Radiology and Biomedical Engineering"
"18","Radiology and Medical Imaging"
"22","Biology"
"22","Biology"
"22","Biology"
"22","Biology"
"22","Biology"
"22","Biology"
"24","Microbiology&#44; Immunology&#44; and Cancer Biology"
"24","Microbiology&#44; Immunology&#44; and Cancer Biology"
"24","Microbiology&#44; Immunology&#44; and Cancer Biology"
"24","Microbiology&#44; Immunology&#44; and Cancer Biology"
"24","Microbiology&#44; Immunology&#44; and Cancer Biology"
"25","Pathology"
"25","Pathology"
"25","Pathology"
"25","Pathology"
"25","Pathology"
"26","Microbiology&#44; Immunology&#44; and Cancer Biology"
"26","Microbiology&#44; Immunology&#44; and Cancer Biology"
"26","Microbiology&#44; Immunology&#44; and Cancer Biology"
"26","Microbiology&#44; Immunology&#44; and Cancer Biology"
"26","Microbiology&#44; Immunology&#44; and Cancer Biology"
"26","Microbiology&#44; Immunology&#44; and Cancer Biology"
"26","Microbiology&#44; Immunology&#44; and Cancer Biology"
"29","Microbiology&#44; Immunology&#44; and Cancer Biology"
"29","Microbiology&#44; Immunology&#44; and Cancer Biology"
"29","Microbiology&#44; Immunology&#44; and Cancer Biology"
"29","Microbiology&#44; Immunology&#44; and Cancer Biology"
"29","Microbiology&#44; Immunology&#44; and Cancer Biology"
"29","Microbiology&#44; Immunology&#44; and Cancer Biology"
"29","Microbiology&#44; Immunology&#44; and Cancer Biology"
"30","Medicine: Nephrology"
"30","Medicine: Nephrology"
"30","Medicine: Nephrology"
"30","Medicine: Nephrology"
"30","Medicine: Nephrology"
"30","Medicine: Nephrology"
"33","Pathology"
"33","Pathology"
"33","Pathology"
"33","Pathology"
"33","Pathology"
"35","Molecular Physiology and Biological Physics"
"35","Molecular Physiology and Biological Physics"
"35","Molecular Physiology and Biological Physics"
"35","Molecular Physiology and Biological Physics"
"35","Molecular Physiology and Biological Physics"
"35","Molecular Physiology and Biological Physics"
"35","Molecular Physiology and Biological Physics"
"35","Molecular Physiology and Biological Physics"
"35","Molecular Physiology and Biological Physics"
"36","Chemistry"
"36","Chemistry"
"36","Chemistry"
"36","Chemistry"
"36","Chemistry"
"39","Cell Biology"
"39","Cell Biology"
"39","Cell Biology"
"39","Cell Biology"
"39","Cell Biology"
"39","Cell Biology"
"39","Cell Biology"
"39","Cell Biology"
"39","Cell Biology"
"40","Cell Biology"
"40","Cell Biology"
"40","Cell Biology"
"45","Chemistry"
"45","Chemistry"
"45","Chemistry"
"45","Chemistry"
"45","Chemistry"
"45","Chemistry"
"49","Neuroscience"
"49","Neuroscience"
"50","Pharmacology"
"50","Pharmacology"
"50","Pharmacology"
"50","Pharmacology"
"50","Pharmacology"
"50","Pharmacology"
"51","Pathology"
"51","Pathology"
"51","Pathology"
"51","Pathology"
"51","Pathology"
"51","Pathology"
"58","Molecular Physiology and Biological Physics"
"58","Molecular Physiology and Biological Physics"
"58","Molecular Physiology and Biological Physics"
"58","Molecular Physiology and Biological Physics"
"58","Molecular Physiology and Biological Physics"
"58","Molecular Physiology and Biological Physics"
"58","Molecular Physiology and Biological Physics"
"59","Cell Biology"
"59","Cell Biology"
"65","Biochemistry and Molecular Genetics"
"65","Biochemistry and Molecular Genetics"
"65","Biochemistry and Molecular Genetics"
"65","Biochemistry and Molecular Genetics"
"65","Biochemistry and Molecular Genetics"
"68","Biochemistry and Molecular Genetics"
"68","Biochemistry and Molecular Genetics"
"68","Biochemistry and Molecular Genetics"
"68","Biochemistry and Molecular Genetics"
"71","Microbiology&#44; Immunology&#44; and Cancer Biology"
"71","Microbiology&#44; Immunology&#44; and Cancer Biology"
"71","Microbiology&#44; Immunology&#44; and Cancer Biology"
"71","Microbiology&#44; Immunology&#44; and Cancer Biology"
"71","Microbiology&#44; Immunology&#44; and Cancer Biology"
"71","Microbiology&#44; Immunology&#44; and Cancer Biology"
"71","Microbiology&#44; Immunology&#44; and Cancer Biology"
"72","Microbiology&#44; Immunology&#44; and Cancer Biology"
"72","Microbiology&#44; Immunology&#44; and Cancer Biology"
"72","Microbiology&#44; Immunology&#44; and Cancer Biology"
"72","Microbiology&#44; Immunology&#44; and Cancer Biology"
"72","Microbiology&#44; Immunology&#44; and Cancer Biology"
"74","Microbiology&#44; Immunology&#44; and Cancer Biology"
"74","Microbiology&#44; Immunology&#44; and Cancer Biology"
"74","Microbiology&#44; Immunology&#44; and Cancer Biology"
"74","Microbiology&#44; Immunology&#44; and Cancer Biology"
"76","Molecular Physiology and Biological Physics"
"76","Molecular Physiology and Biological Physics"
"76","Molecular Physiology and Biological Physics"
"76","Molecular Physiology and Biological Physics"
"76","Molecular Physiology and Biological Physics"
"76","Molecular Physiology and Biological Physics"
"76","Molecular Physiology and Biological Physics"
"76","Molecular Physiology and Biological Physics"
"76","Molecular Physiology and Biological Physics"
"76","Molecular Physiology and Biological Physics"
"76","Molecular Physiology and Biological Physics"
"76","Molecular Physiology and Biological Physics"
"81","Microbiology&#44; Immunology&#44; and Cancer Biology"
"81","Microbiology&#44; Immunology&#44; and Cancer Biology"
"81","Microbiology&#44; Immunology&#44; and Cancer Biology"
"81","Microbiology&#44; Immunology&#44; and Cancer Biology"
"81","Microbiology&#44; Immunology&#44; and Cancer Biology"
"83","Chemistry"
"83","Chemistry"
"83","Chemistry"
"83","Chemistry"
"83","Chemistry"
"83","Chemistry"
"86","Pharmacology"
"86","Pharmacology"
"86","Pharmacology"
"89","Microbiology&#44; Immunology&#44; and Cancer Biology"
"89","Microbiology&#44; Immunology&#44; and Cancer Biology"
"89","Microbiology&#44; Immunology&#44; and Cancer Biology"
"89","Microbiology&#44; Immunology&#44; and Cancer Biology"
"89","Microbiology&#44; Immunology&#44; and Cancer Biology"
"91","Pathology"
"91","Pathology"
"91","Pathology"
"91","Pathology"
"91","Pathology"
"91","Pathology"
"91","Pathology"
"91","Pathology"
"93","Biology"
"93","Biology"
"93","Biology"
"93","Biology"
"93","Biology"
"94","Biochemistry and Molecular Genetics"
"94","Biochemistry and Molecular Genetics"
"94","Biochemistry and Molecular Genetics"
"94","Biochemistry and Molecular Genetics"
"94","Biochemistry and Molecular Genetics"
"94","Biochemistry and Molecular Genetics"
"98","Medicine: Infectious Diseases and International Health"
"101","Microbiology&#44; Immunology&#44; and Cancer Biology"
"101","Microbiology&#44; Immunology&#44; and Cancer Biology"
"101","Microbiology&#44; Immunology&#44; and Cancer Biology"
"101","Microbiology&#44; Immunology&#44; and Cancer Biology"
"101","Microbiology&#44; Immunology&#44; and Cancer Biology"
"105","Microbiology&#44; Immunology&#44; and Cancer Biology"
"105","Microbiology&#44; Immunology&#44; and Cancer Biology"
"105","Microbiology&#44; Immunology&#44; and Cancer Biology"
"105","Microbiology&#44; Immunology&#44; and Cancer Biology"
"105","Microbiology&#44; Immunology&#44; and Cancer Biology"
"110","Biomedical Engineering"
"110","Biomedical Engineering"
"110","Biomedical Engineering"
"114","Medicine: Infectious Diseases and International Health"
"114","Medicine: Infectious Diseases and International Health"
"114","Medicine: Infectious Diseases and International Health"
"114","Medicine: Infectious Diseases and International Health"
"118","Biomedical Engineering"
"118","Biomedical Engineering"
"118","Biomedical Engineering"
"120","Chemistry"
"120","Chemistry"
"124","Biomedical Engineering"
"124","Biomedical Engineering"
"124","Biomedical Engineering"
"124","Biomedical Engineering"
"124","Biomedical Engineering"
"124","Biomedical Engineering"
"124","Biomedical Engineering"
"131","Microbiology&#44; Immunology&#44; and Cancer Biology"
"131","Microbiology&#44; Immunology&#44; and Cancer Biology"
"131","Microbiology&#44; Immunology&#44; and Cancer Biology"
"131","Microbiology&#44; Immunology&#44; and Cancer Biology"
"132","Biomedical Engineering"
"132","Biomedical Engineering"
"132","Biomedical Engineering"
"132","Biomedical Engineering"
"132","Biomedical Engineering"
"139","Biology"
"139","Biology"
"139","Biology"
"143","Chemistry"
"143","Chemistry"
"143","Chemistry"
"143","Chemistry"
"145","Microbiology&#44; Immunology&#44; and Cancer Biology"
"150","Cell Biology"
"150","Cell Biology"
"150","Cell Biology"
"150","Cell Biology"
"150","Cell Biology"
"150","Cell Biology"
"155","Pathology"
"155","Pathology"
"155","Pathology"
"155","Pathology"
"155","Pathology"
"155","Pathology"
"155","Pathology"
"155","Pathology"
"155","Pathology"
"155","Pathology"
"159","Neuroscience"
"161","Cell Biology"
"161","Cell Biology"
"161","Cell Biology"
"161","Cell Biology"
"161","Cell Biology"
"161","Cell Biology"
"161","Cell Biology"
"161","Cell Biology"
"161","Cell Biology"
"161","Cell Biology"
"162","Pharmacology"
"162","Pharmacology"
"162","Pharmacology"
"162","Pharmacology"
"162","Pharmacology"
"162","Pharmacology"
"165","Chemistry"
"167","Pathology"
"167","Pathology"
"167","Pathology"
"167","Pathology"
"167","Pathology"
"168","Pathology"
"168","Pathology"
"168","Pathology"
"168","Pathology"
"168","Pathology"
"171","Biochemistry and Molecular Genetics"
"171","Biochemistry and Molecular Genetics"
"171","Biochemistry and Molecular Genetics"
"171","Biochemistry and Molecular Genetics"
"171","Biochemistry and Molecular Genetics"
"175","Molecular Physiology and Biological Physics"
"175","Molecular Physiology and Biological Physics"
"175","Molecular Physiology and Biological Physics"
"178","Pathology"
"178","Pathology"
"180","Chemistry"
"180","Chemistry"
"180","Chemistry"
"180","Chemistry"
"180","Chemistry"
"182","Molecular Physiology and Biological Physics"
"182","Molecular Physiology and Biological Physics"
"182","Molecular Physiology and Biological Physics"
"182","Molecular Physiology and Biological Physics"
"182","Molecular Physiology and Biological Physics"
"182","Molecular Physiology and Biological Physics"
"187","Molecular Physiology and Biological Physics"
"187","Molecular Physiology and Biological Physics"
"187","Molecular Physiology and Biological Physics"
"187","Molecular Physiology and Biological Physics"
"187","Molecular Physiology and Biological Physics"
"187","Molecular Physiology and Biological Physics"
"189","Biomedical Engineering"
"189","Biomedical Engineering"
"189","Biomedical Engineering"
"189","Biomedical Engineering"
"189","Biomedical Engineering"
"189","Biomedical Engineering"
"189","Biomedical Engineering"
"189","Biomedical Engineering"
"189","Biomedical Engineering"
"189","Biomedical Engineering"
"189","Biomedical Engineering"
"189","Biomedical Engineering"
"194","Biochemistry and Molecular Genetics"
"194","Biochemistry and Molecular Genetics"
"194","Biochemistry and Molecular Genetics"
"195","Biochemistry and Molecular Genetics"
"195","Biochemistry and Molecular Genetics"
"195","Biochemistry and Molecular Genetics"
"195","Biochemistry and Molecular Genetics"
"196","Microbiology&#44; Immunology&#44; and Cancer Biology"
"196","Microbiology&#44; Immunology&#44; and Cancer Biology"
"196","Microbiology&#44; Immunology&#44; and Cancer Biology"
"196","Microbiology&#44; Immunology&#44; and Cancer Biology"
"196","Microbiology&#44; Immunology&#44; and Cancer Biology"
"196","Microbiology&#44; Immunology&#44; and Cancer Biology"
"196","Microbiology&#44; Immunology&#44; and Cancer Biology"
"197","Medicine: Infectious Diseases and International Health"
"197","Medicine: Infectious Diseases and International Health"
"197","Medicine: Infectious Diseases and International Health"
"199","Cell Biology"
"199","Cell Biology"
"203","Biomedical Engineering"
"203","Biomedical Engineering"
"203","Biomedical Engineering"
"203","Biomedical Engineering"
"204","Neurology"
"204","Neurology"
"204","Neurology"
"204","Neurology"
"204","Neurology"
"204","Neurology"
"209","Microbiology&#44; Immunology&#44; and Cancer Biology"
"209","Microbiology&#44; Immunology&#44; and Cancer Biology"
"209","Microbiology&#44; Immunology&#44; and Cancer Biology"
"209","Microbiology&#44; Immunology&#44; and Cancer Biology"
"209","Microbiology&#44; Immunology&#44; and Cancer Biology"
"209","Microbiology&#44; Immunology&#44; and Cancer Biology"
"209","Microbiology&#44; Immunology&#44; and Cancer Biology"
"209","Microbiology&#44; Immunology&#44; and Cancer Biology"
"209","Microbiology&#44; Immunology&#44; and Cancer Biology"
"209","Microbiology&#44; Immunology&#44; and Cancer Biology"
"209","Microbiology&#44; Immunology&#44; and Cancer Biology"
"212","Microbiology&#44; Immunology&#44; and Cancer Biology"
"212","Microbiology&#44; Immunology&#44; and Cancer Biology"
"212","Microbiology&#44; Immunology&#44; and Cancer Biology"
"212","Microbiology&#44; Immunology&#44; and Cancer Biology"
"212","Microbiology&#44; Immunology&#44; and Cancer Biology"
"212","Microbiology&#44; Immunology&#44; and Cancer Biology"
"212","Microbiology&#44; Immunology&#44; and Cancer Biology"
"212","Microbiology&#44; Immunology&#44; and Cancer Biology"
"212","Microbiology&#44; Immunology&#44; and Cancer Biology"
"212","Microbiology&#44; Immunology&#44; and Cancer Biology"
"212","Microbiology&#44; Immunology&#44; and Cancer Biology"
"212","Microbiology&#44; Immunology&#44; and Cancer Biology"
"225","Biology"
"225","Biology"
"225","Biology"
"230","Pharmacology"
"230","Pharmacology"
"230","Pharmacology"
"230","Pharmacology"
"230","Pharmacology"
"230","Pharmacology"
"233","Neurological Surgery"
"236","Neurological Surgery"
"240","Medicine"
"242","Medicine: Endocrinology and Metabolism"
"244","Microbiology&#44; Immunology&#44; and Cancer Biology"
"246","Biochemistry and Molecular Genetics"
"246","Biochemistry and Molecular Genetics"
"246","Biochemistry and Molecular Genetics"
"246","Biochemistry and Molecular Genetics"
"246","Biochemistry and Molecular Genetics"
"247","Microbiology&#44; Immunology&#44; and Cancer Biology"
"247","Microbiology&#44; Immunology&#44; and Cancer Biology"
"247","Microbiology&#44; Immunology&#44; and Cancer Biology"
"247","Microbiology&#44; Immunology&#44; and Cancer Biology"
"247","Microbiology&#44; Immunology&#44; and Cancer Biology"
"249","Molecular Physiology and Biological Physics"
"249","Molecular Physiology and Biological Physics"
"249","Molecular Physiology and Biological Physics"
"254","Biochemistry and Molecular Genetics"
"254","Biochemistry and Molecular Genetics"
"254","Biochemistry and Molecular Genetics"
"254","Biochemistry and Molecular Genetics"
"254","Biochemistry and Molecular Genetics"
"254","Biochemistry and Molecular Genetics"
"254","Biochemistry and Molecular Genetics"
"254","Biochemistry and Molecular Genetics"
"257","Molecular Physiology and Biological Physics"
"257","Molecular Physiology and Biological Physics"
"257","Molecular Physiology and Biological Physics"
"257","Molecular Physiology and Biological Physics"
"257","Molecular Physiology and Biological Physics"
"257","Molecular Physiology and Biological Physics"
"257","Molecular Physiology and Biological Physics"
"257","Molecular Physiology and Biological Physics"
"257","Molecular Physiology and Biological Physics"
"257","Molecular Physiology and Biological Physics"
"257","Molecular Physiology and Biological Physics"
"260","Biochemistry and Molecular Genetics"
"260","Biochemistry and Molecular Genetics"
"260","Biochemistry and Molecular Genetics"
"265","Pathology"
"265","Pathology"
"265","Pathology"
"267","Pathology"
"267","Pathology"
"267","Pathology"
"267","Pathology"
"267","Pathology"
"272","Cell Biology"
"272","Cell Biology"
"272","Cell Biology"
"272","Cell Biology"
"272","Cell Biology"
"272","Cell Biology"
"272","Cell Biology"
"273","Molecular Physiology and Biological Physics"
"273","Molecular Physiology and Biological Physics"
"273","Molecular Physiology and Biological Physics"
"273","Molecular Physiology and Biological Physics"
"274","Radiology and Medical Imaging"
"274","Radiology and Medical Imaging"
"274","Radiology and Medical Imaging"
"274","Radiology and Medical Imaging"
"276","Biochemistry and Molecular Genetics"
"276","Biochemistry and Molecular Genetics"
"276","Biochemistry and Molecular Genetics"
"276","Biochemistry and Molecular Genetics"
"276","Biochemistry and Molecular Genetics"
"276","Biochemistry and Molecular Genetics"
"276","Biochemistry and Molecular Genetics"
"282","Molecular Physiology and Biological Physics"
"282","Molecular Physiology and Biological Physics"
"282","Molecular Physiology and Biological Physics"
"282","Molecular Physiology and Biological Physics"
"282","Molecular Physiology and Biological Physics"
"282","Molecular Physiology and Biological Physics"
"282","Molecular Physiology and Biological Physics"
"299","Biomedical Engineering"
"299","Biomedical Engineering"
"299","Biomedical Engineering"
"299","Biomedical Engineering"
"299","Biomedical Engineering"
"310","Pharmacology"
"310","Pharmacology"
"310","Pharmacology"
"310","Pharmacology"
"310","Pharmacology"
"310","Pharmacology"
"310","Pharmacology"
"310","Pharmacology"
"2722","Medicine: Pulmonary and Critical Care Medicine"
"2729","Pharmacology"
"2933","Medicine: Infectious Diseases and International Health"
"3014","Blandy Experimental Farm"
"3516","Molecular Physiology and Biological Physics"
"3516","Molecular Physiology and Biological Physics"
"3516","Molecular Physiology and Biological Physics"
"3516","Molecular Physiology and Biological Physics"
"3516","Molecular Physiology and Biological Physics"
"3516","Molecular Physiology and Biological Physics"
"3516","Molecular Physiology and Biological Physics"
"3516","Molecular Physiology and Biological Physics"
"3516","Molecular Physiology and Biological Physics"
"3766","Molecular Physiology and Biological Physics"
"3766","Molecular Physiology and Biological Physics"
"3766","Molecular Physiology and Biological Physics"
"3766","Molecular Physiology and Biological Physics"
"4557","Medicine: Infectious Diseases and International Health"
"4557","Medicine: Infectious Diseases and International Health"
"4557","Medicine: Infectious Diseases and International Health"
"4728","Medicine: Nephrology"
"4946","Psychology"
"4946","Psychology"
"4955","Cell Biology"
"4955","Cell Biology"
"4955","Cell Biology"
"4955","Cell Biology"
"4955","Cell Biology"
"4955","Cell Biology"
"4957","Microbiology&#44; Immunology&#44; and Cancer Biology"
"4957","Microbiology&#44; Immunology&#44; and Cancer Biology"
"4957","Microbiology&#44; Immunology&#44; and Cancer Biology"
"4970","Biology"
"4970","Biology"
"4976","Cell Biology"
"4976","Cell Biology"
"4987","Psychology"
"4988","Neurology"
"4989","Biology"
"4989","Biology"
"4989","Biology"
"4992","Molecular Physiology and Biological Physics"
"4992","Molecular Physiology and Biological Physics"
"4992","Molecular Physiology and Biological Physics"
"4992","Molecular Physiology and Biological Physics"
"4992","Molecular Physiology and Biological Physics"
"4992","Molecular Physiology and Biological Physics"
"4992","Molecular Physiology and Biological Physics"
"4992","Molecular Physiology and Biological Physics"
"4997","Medicine: Cardiovascular Medicine"
"5004","Medicine: Infectious Diseases and International Health"
"5004","Medicine: Infectious Diseases and International Health"
"5004","Medicine: Infectious Diseases and International Health"
"5006","Chemistry"
"5006","Chemistry"
"5006","Chemistry"
"5006","Chemistry"
"5006","Chemistry"
"5007","Radiology and Medical Imaging"
"5007","Radiology and Medical Imaging"
"5007","Radiology and Medical Imaging"
"5007","Radiology and Medical Imaging"
"5010","Medicine: Pulmonary and Critical Care Medicine"
"5020","Cell Biology"
"5022","Cell Biology"
"5024","Cell Biology"
"5024","Cell Biology"
"5033","Medicine: Cardiovascular Medicine"
"5033","Medicine: Cardiovascular Medicine"
"5033","Medicine: Cardiovascular Medicine"
"5033","Medicine: Cardiovascular Medicine"
"5033","Medicine: Cardiovascular Medicine"
"5033","Medicine: Cardiovascular Medicine"
"5039","Biology"
"5039","Biology"
"5039","Biology"
"5039","Biology"
"5039","Biology"
"5039","Biology"
"5052","Biomedical Engineering"
"5052","Biomedical Engineering"
"5053","Neurosurgery"
"5054","Cell Biology"
"5054","Cell Biology"
"5054","Cell Biology"
"5054","Cell Biology"
"5054","Cell Biology"
"5063","Psychology"
"5063","Psychology"
"5065","Neurology"
"5065","Neurology"
"5071","Medicine: Cardiovascular Medicine"
"5071","Medicine: Cardiovascular Medicine"
"5072","Medicine: Cardiovascular Medicine"
"5072","Medicine: Cardiovascular Medicine"
"5072","Medicine: Cardiovascular Medicine"
"5072","Medicine: Cardiovascular Medicine"
"5073","Biology"
"5073","Biology"
"5074","Public Health Sciences"
"5074","Public Health Sciences"
"5074","Public Health Sciences"
"5074","Public Health Sciences"
"5074","Public Health Sciences"
"5079","Pharmacology"
"5079","Pharmacology"
"5079","Pharmacology"
"5079","Pharmacology"
"5079","Pharmacology"
"5083","Biology"
"5109","Psychology"
"5124","Biology"
"5124","Biology"
"5124","Biology"
"5137","Psychology"
"5137","Psychology"
"5153","Pharmacology"
"5153","Pharmacology"
"5153","Pharmacology"
"5161","Neurology"
"5161","Neurology"
"5161","Neurology"
"5161","Neurology"
"5161","Neurology"
"5164","Chemical Engineering"
"5164","Chemical Engineering"
"5164","Chemical Engineering"
"5164","Chemical Engineering"
"5170","Pharmacology"
"5177","Psychiatry and Neurobehavioral Sciences"
"5180","Biomedical Engineering"
"5180","Biomedical Engineering"
"5190","Chemical Engineering"
"5191","Psychology"
"5197","Anesthesiology"
"5201","Systems and Information Engineering"
"5212","Medicine: Infectious Diseases and International Health"
"5212","Medicine: Infectious Diseases and International Health"
"5212","Medicine: Infectious Diseases and International Health"
"5212","Medicine: Infectious Diseases and International Health"
"5216","Mechanical and Aerospace Engineering"
"5216","Mechanical and Aerospace Engineering"
"5228","Molecular Physiology and Biological Physics"
"5228","Molecular Physiology and Biological Physics"
"5228","Molecular Physiology and Biological Physics"
"5233","Medicine: Endocrinology and Metabolism"
"5233","Medicine: Endocrinology and Metabolism"
"5233","Medicine: Endocrinology and Metabolism"
"5235","Neurology"
"5245","Biology"
"5250","Psychology"
"5250","Psychology"
"5250","Psychology"
"5253","Pediatrics"
"5260","Medicine: Asthma&#44; Allergy and Immunology"
"5260","Medicine: Asthma&#44; Allergy and Immunology"
"5260","Medicine: Asthma&#44; Allergy and Immunology"
"5260","Medicine: Asthma&#44; Allergy and Immunology"
"5260","Medicine: Asthma&#44; Allergy and Immunology"
"5265","Neuroscience"
"5265","Neuroscience"
"5265","Neuroscience"
"5267","Psychology"
"5267","Psychology"
"5267","Psychology"
"5267","Psychology"
"5267","Psychology"
"5267","Psychology"
"5295","Biology"
"5299","Biomedical Engineering"
"5299","Biomedical Engineering"
"5299","Biomedical Engineering"
"5299","Biomedical Engineering"
"5299","Biomedical Engineering"
"5300","Pharmacology"
"5300","Pharmacology"
"5300","Pharmacology"
"5300","Pharmacology"
"5300","Pharmacology"
"5300","Pharmacology"
"5300","Pharmacology"
"5302","Neuroscience"
"5302","Neuroscience"
"5302","Neuroscience"
"5302","Neuroscience"
"5302","Neuroscience"
"5302","Neuroscience"
"5302","Neuroscience"
"5302","Neuroscience"
"5302","Neuroscience"
"5302","Neuroscience"
"5303","Neurology"
"5303","Neurology"
"5316","Office of the Executive Vice President and Provost"
"5331","Psychology"
"5333","Psychology"
"5333","Psychology"
"5341","Mechanical and Aerospace Engineering"
"5344","Radiology and Medical Imaging"
"5345","Neuroscience"
"5345","Neuroscience"
"5345","Neuroscience"
"5345","Neuroscience"
"5345","Neuroscience"
"5349","Pharmacology"
"5349","Pharmacology"
"5350","Neurological Surgery"
"5361","Biomedical Engineering"
"5361","Biomedical Engineering"
"5361","Biomedical Engineering"
"5361","Biomedical Engineering"
"5361","Biomedical Engineering"
"5361","Biomedical Engineering"
"5361","Biomedical Engineering"
"5362","Biochemistry and Molecular Genetics"
"5362","Biochemistry and Molecular Genetics"
"5362","Biochemistry and Molecular Genetics"
"5362","Biochemistry and Molecular Genetics"
"5362","Biochemistry and Molecular Genetics"
"5362","Biochemistry and Molecular Genetics"
"5362","Biochemistry and Molecular Genetics"
"5366","Cell Biology"
"5366","Cell Biology"
"5366","Cell Biology"
"5389","Chemistry"
"5395","Psychology"
"5404","Neuroscience"
"5404","Neuroscience"
"5404","Neuroscience"
"5404","Neuroscience"
"5404","Neuroscience"
"5404","Neuroscience"
"5404","Neuroscience"
"5422","Biology"
"5435","Biomedical Engineering"
"5436","Chemistry"
"5457","Neurology"
"5458","Biomedical Engineering"
"5458","Biomedical Engineering"
"5458","Biomedical Engineering"
"5458","Biomedical Engineering"
"5458","Biomedical Engineering"
"5458","Biomedical Engineering"
"5483","Biology"
"5483","Biology"
"5483","Biology"
"5485","Psychology"
"5486","Anesthesiology"
"5486","Anesthesiology"
"5486","Anesthesiology"
"5486","Anesthesiology"
"5486","Anesthesiology"
"5488","Neuroscience"
"5489","Pharmacology"
"5489","Pharmacology"
"5489","Pharmacology"
"5489","Pharmacology"
"5491","Electrical and Computer Engineering"
"5495","Biology"
"5495","Biology"
"5499","Pharmacology"
"5499","Pharmacology"
"5499","Pharmacology"
"5499","Pharmacology"
"5502","Psychology"
"5505","Biology"
"5505","Biology"
"5505","Biology"
"5505","Biology"
"5505","Biology"
"5512","Public Health Sciences"
"5512","Public Health Sciences"
"5512","Public Health Sciences"
"5512","Public Health Sciences"
"5512","Public Health Sciences"
"5512","Public Health Sciences"
"5523","Biology"
"5523","Biology"
"5523","Biology"
"5523","Biology"
"5525","Molecular Physiology and Biological Physics"
"5525","Molecular Physiology and Biological Physics"
"5525","Molecular Physiology and Biological Physics"
"5525","Molecular Physiology and Biological Physics"
"5525","Molecular Physiology and Biological Physics"
"5526","Psychiatry and Neurobehavioral Sciences"
"5526","Psychiatry and Neurobehavioral Sciences"
"5526","Psychiatry and Neurobehavioral Sciences"
"5529","Cell Biology"
"5529","Cell Biology"
"5529","Cell Biology"
"5529","Cell Biology"
"5529","Cell Biology"
"5532","Neurology"
"5533","Pharmacology"
"5533","Pharmacology"
"5533","Pharmacology"
"5533","Pharmacology"
"5533","Pharmacology"
"5533","Pharmacology"
"5533","Pharmacology"
"5533","Pharmacology"
"5533","Pharmacology"
"5533","Pharmacology"
"5537","Electrical and Computer Engineering"
"5537","Electrical and Computer Engineering"
"5537","Electrical and Computer Engineering"
"5537","Electrical and Computer Engineering"
"5537","Electrical and Computer Engineering"
"5542","Ophthalmology"
"5542","Ophthalmology"
"5542","Ophthalmology"
"5546","Psychology"
"5546","Psychology"
"5552","Pharmacology"
"5552","Pharmacology"
"5552","Pharmacology"
"5552","Pharmacology"
"5562","Molecular Physiology and Biological Physics"
"5562","Molecular Physiology and Biological Physics"
"5562","Molecular Physiology and Biological Physics"
"5562","Molecular Physiology and Biological Physics"
"5562","Molecular Physiology and Biological Physics"
"5562","Molecular Physiology and Biological Physics"
"5563","Mechanical and Aerospace Engineering"
"5566","Pharmacology"
"5566","Pharmacology"
"5566","Pharmacology"
"5566","Pharmacology"
"5566","Pharmacology"
"5574","Cell Biology"
"5576","Pathology"
"5576","Pathology"
"5576","Pathology"
"5576","Pathology"
"5576","Pathology"
"5576","Pathology"
"5576","Pathology"
"5576","Pathology"
"5576","Pathology"
"5576","Pathology"
"5576","Pathology"
"5576","Pathology"
"5576","Pathology"
"5586","Medicine: Infectious Diseases and International Health"
"5592","Biology"
"5592","Biology"
"5592","Biology"
"5592","Biology"
"5596","Pediatrics: Nephrology"
"5596","Pediatrics: Nephrology"
"5596","Pediatrics: Nephrology"
"5596","Pediatrics: Nephrology"
"5596","Pediatrics: Nephrology"
"5613","Chemical Engineering"
"5613","Chemical Engineering"
"5633","Chemistry"
"5634","Systems and Information Engineering"
"5652","Biology"
"5652","Biology"
"5652","Biology"
"5652","Biology"
"5652","Biology"
"5652","Biology"
"5652","Biology"
"5652","Biology"
"5662","Psychology"
"5667","Biomedical Engineering"
"5667","Biomedical Engineering"
"5667","Biomedical Engineering"
"5667","Biomedical Engineering"
"5667","Biomedical Engineering"
"5667","Biomedical Engineering"
"5667","Biomedical Engineering"
"5667","Biomedical Engineering"
"5667","Biomedical Engineering"
"5671","Neuroscience"
"5671","Neuroscience"
"5671","Neuroscience"
"5676","Medicine: Endocrinology and Metabolism"
"5676","Medicine: Endocrinology and Metabolism"
"5676","Medicine: Endocrinology and Metabolism"
"5679","Biomedical Engineering"
"5683","Public Health Sciences"
"5683","Public Health Sciences"
"5685","Anesthesiology"
"5685","Anesthesiology"
"5699","Pharmacology"
"5699","Pharmacology"
"5699","Pharmacology"
"5699","Pharmacology"
"5699","Pharmacology"
"5699","Pharmacology"
"5699","Pharmacology"
"5699","Pharmacology"
"5714","Psychology"
"5721","Surgery"
"5721","Surgery"
"5721","Surgery"
"5721","Surgery"
"5721","Surgery"
"5721","Surgery"
"5730","Neurological Surgery"
"5730","Neurological Surgery"
"5730","Neurological Surgery"
"5730","Neurological Surgery"
"5731","Public Health Sciences"
"5731","Public Health Sciences"
"5742","Biomedical Engineering"
"5742","Biomedical Engineering"
"5742","Biomedical Engineering"
"5742","Biomedical Engineering"
"5742","Biomedical Engineering"
"5742","Biomedical Engineering"
"5742","Biomedical Engineering"
"5742","Biomedical Engineering"
"5742","Biomedical Engineering"
"5743","Neurological Surgery"
"5744","Psychiatry and Neurobehavioral Sciences"
"5744","Psychiatry and Neurobehavioral Sciences"
"5752","Biology"
"5754","Radiology and Medical Imaging"
"5759","Biology"
"5759","Biology"
"5759","Biology"
"5759","Biology"
"5759","Biology"
"5759","Biology"
"5760","Medicine: Infectious Diseases and International Health"
"5767","Medicine: Cardiovascular Medicine"
"5767","Medicine: Cardiovascular Medicine"
"5767","Medicine: Cardiovascular Medicine"
"5767","Medicine: Cardiovascular Medicine"
"36113","Pathology"
"36113","Pathology"
"61108","Pharmacology"
"61108","Pharmacology"
"61109","Pharmacology"
"61109","Pharmacology"
"61109","Pharmacology"
"61109","Pharmacology"
"61109","Pharmacology"
"61109","Pharmacology"
"61109","Pharmacology"
"61113","Neuroscience"
"61113","Neuroscience"
"61113","Neuroscience"
"61141","Chemical Engineering"
"61153","Psychology"
"61154","Psychology"
"61158","Psychology"
"61160","Psychology"
"61169","Radiology and Medical Imaging"
"61180","Microbiology&#44; Immunology&#44; and Cancer Biology"
"61180","Microbiology&#44; Immunology&#44; and Cancer Biology"
"61180","Microbiology&#44; Immunology&#44; and Cancer Biology"
"61180","Microbiology&#44; Immunology&#44; and Cancer Biology"
"61180","Microbiology&#44; Immunology&#44; and Cancer Biology"
"61180","Microbiology&#44; Immunology&#44; and Cancer Biology"
"61180","Microbiology&#44; Immunology&#44; and Cancer Biology"
"61181","Biochemistry and Molecular Genetics"
"61181","Biochemistry and Molecular Genetics"
"61181","Biochemistry and Molecular Genetics"
"61181","Biochemistry and Molecular Genetics"
"61181","Biochemistry and Molecular Genetics"
"61181","Biochemistry and Molecular Genetics"
"61181","Biochemistry and Molecular Genetics"
"61182","Biochemistry and Molecular Genetics"
"61182","Biochemistry and Molecular Genetics"
"61182","Biochemistry and Molecular Genetics"
"61182","Biochemistry and Molecular Genetics"
"61182","Biochemistry and Molecular Genetics"
"61182","Biochemistry and Molecular Genetics"
"61182","Biochemistry and Molecular Genetics"
"61182","Biochemistry and Molecular Genetics"
"61182","Biochemistry and Molecular Genetics"
"61182","Biochemistry and Molecular Genetics"
"61183","Microbiology&#44; Immunology&#44; and Cancer Biology"
"61183","Microbiology&#44; Immunology&#44; and Cancer Biology"
"61183","Microbiology&#44; Immunology&#44; and Cancer Biology"
"61183","Microbiology&#44; Immunology&#44; and Cancer Biology"
"61185","Medicine: Gastroenterology and Hepatology"
"62884","Medicine: Nephrology"
"62884","Medicine: Nephrology"
"62884","Medicine: Nephrology"
"63043","Microbiology&#44; Immunology&#44; and Cancer Biology"
"63043","Microbiology&#44; Immunology&#44; and Cancer Biology"
"63043","Microbiology&#44; Immunology&#44; and Cancer Biology"
"63043","Microbiology&#44; Immunology&#44; and Cancer Biology"
"63043","Microbiology&#44; Immunology&#44; and Cancer Biology"
"63044","Microbiology&#44; Immunology&#44; and Cancer Biology"
"63044","Microbiology&#44; Immunology&#44; and Cancer Biology"
"63044","Microbiology&#44; Immunology&#44; and Cancer Biology"
"63044","Microbiology&#44; Immunology&#44; and Cancer Biology"
"63044","Microbiology&#44; Immunology&#44; and Cancer Biology"
"63044","Microbiology&#44; Immunology&#44; and Cancer Biology"
"63048","Biomedical Engineering"
"63048","Biomedical Engineering"
"63048","Biomedical Engineering"
"63048","Biomedical Engineering"
"63048","Biomedical Engineering"
"63048","Biomedical Engineering"
"63048","Biomedical Engineering"
"63055","Neuroscience"
"63055","Neuroscience"
"63055","Neuroscience"
"63055","Neuroscience"
"63055","Neuroscience"
"63055","Neuroscience"
"63055","Neuroscience"
"63065","Biology"
"63065","Biology"
"63065","Biology"
"64575","Medicine: Hematology and Oncology"
"64575","Medicine: Hematology and Oncology"
"64575","Medicine: Hematology and Oncology"
"64575","Medicine: Hematology and Oncology"
"64575","Medicine: Hematology and Oncology"
"64575","Medicine: Hematology and Oncology"
"64576","Neurology"
"64577","Biology"
"64587","Pharmacology"
"64587","Pharmacology"
"64587","Pharmacology"
"64587","Pharmacology"
"64587","Pharmacology"
"64587","Pharmacology"
"64587","Pharmacology"
"64587","Pharmacology"
"64673","Pharmacology"
"64673","Pharmacology"
"64673","Pharmacology"
"64673","Pharmacology"
"64673","Pharmacology"
"64673","Pharmacology"
"64673","Pharmacology"
"64673","Pharmacology"
"64673","Pharmacology"
"64673","Pharmacology"
"64673","Pharmacology"
"64673","Pharmacology"
"64673","Pharmacology"
"64673","Pharmacology"
"64673","Pharmacology"
"64673","Pharmacology"
"64674","Biochemistry and Molecular Genetics"
"64674","Biochemistry and Molecular Genetics"
"64674","Biochemistry and Molecular Genetics"
"64674","Biochemistry and Molecular Genetics"
"64675","Microbiology&#44; Immunology&#44; and Cancer Biology"
"64676","Biomedical Engineering"
"64677","Psychology"
"64677","Psychology"
"64678","Biology"
"64678","Biology"
"64678","Biology"
"64678","Biology"
"64678","Biology"
"64678","Biology"
"64678","Biology"
"64678","Biology"
"64678","Biology"
"64683","Neurological Surgery"
"64684","Neurological Surgery"
"64692","Civil and Environmental Engineering"
"64693","Chemical Engineering"
"64693","Chemical Engineering"
"64693","Chemical Engineering"
"64695","Surgery"
"64696","Biology"
"64696","Biology"
"64696","Biology"
"64696","Biology"
"64696","Biology"
"64696","Biology"
"64696","Biology"
"64696","Biology"
"64696","Biology"
"64696","Biology"
"64696","Biology"
"64696","Biology"
"64696","Biology"
"64696","Biology"
"64696","Biology"
"64696","Biology"
"64696","Biology"
"64698","Medicine: Cardiovascular Medicine"
"64725","Obstetrics and Gynecology"
"64725","Obstetrics and Gynecology"
"64725","Obstetrics and Gynecology"
"66349","Center for Public Health Genomics"
"66349","Center for Public Health Genomics"
"66351","Pharmacology"
"66352","Chemistry"
"66352","Chemistry"
"66353","Chemistry"
"66353","Chemistry"
"66353","Chemistry"
"66353","Chemistry"
"66353","Chemistry"
"66353","Chemistry"
"66353","Chemistry"
"66354","Chemistry"
"66354","Chemistry"
"66354","Chemistry"
"66354","Chemistry"
"66354","Chemistry"
"66354","Chemistry"
"66354","Chemistry"
"66354","Chemistry"
"66354","Chemistry"
"66356","Chemistry"
"66356","Chemistry"
"66356","Chemistry"
"66356","Chemistry"
"66356","Chemistry"
"66356","Chemistry"
"66356","Chemistry"
"66356","Chemistry"
"66356","Chemistry"
"66356","Chemistry"
"66361","Neuroscience"
"66361","Neuroscience"
"66361","Neuroscience"
"66361","Neuroscience"
"66361","Neuroscience"
"66361","Neuroscience"
"66361","Neuroscience"
"66361","Neuroscience"
"66361","Neuroscience"
"66361","Neuroscience"
"66361","Neuroscience"
"66374","Arts & Sciences"
"66383","Microbiology&#44; Immunology&#44; and Cancer Biology"
"66383","Microbiology&#44; Immunology&#44; and Cancer Biology"
"66383","Microbiology&#44; Immunology&#44; and Cancer Biology"
"66383","Microbiology&#44; Immunology&#44; and Cancer Biology"
"66384","Microbiology&#44; Immunology&#44; and Cancer Biology"
"66384","Microbiology&#44; Immunology&#44; and Cancer Biology"
"66384","Microbiology&#44; Immunology&#44; and Cancer Biology"
"66384","Microbiology&#44; Immunology&#44; and Cancer Biology"
"66384","Microbiology&#44; Immunology&#44; and Cancer Biology"
"66388","Medicine: Endocrinology and Metabolism"
"66399","Biochemistry and Molecular Genetics"
"66399","Biochemistry and Molecular Genetics"
"66399","Biochemistry and Molecular Genetics"
"66399","Biochemistry and Molecular Genetics"
"66399","Biochemistry and Molecular Genetics"
"66399","Biochemistry and Molecular Genetics"
"66399","Biochemistry and Molecular Genetics"
"66399","Biochemistry and Molecular Genetics"
"66442","Molecular Physiology and Biological Physics"
"66442","Molecular Physiology and Biological Physics"
"66442","Molecular Physiology and Biological Physics"
"66488","Biochemistry and Molecular Genetics"
"66488","Biochemistry and Molecular Genetics"
"66488","Biochemistry and Molecular Genetics"
"66488","Biochemistry and Molecular Genetics"
"66488","Biochemistry and Molecular Genetics"
"66489","Biochemistry and Molecular Genetics"
"66489","Biochemistry and Molecular Genetics"
"66489","Biochemistry and Molecular Genetics"
"66489","Biochemistry and Molecular Genetics"
"66498","Arts & Sciences"
"66499","Chemistry"
"66506","Nursing"
"66511","Environmental Sciences"
"66511","Environmental Sciences"
"66515","Biomedical Engineering"
"66515","Biomedical Engineering"
"66515","Biomedical Engineering"
"66515","Biomedical Engineering"
"66516","Electrical and Computer Engineering"
"66529","Biomedical Engineering"
"66529","Biomedical Engineering"
"66529","Biomedical Engineering"
"66529","Biomedical Engineering"
"66529","Biomedical Engineering"
"66530","Psychology"
"66532","Psychology"
"66533","Psychology"
"66533","Psychology"
"66534","Psychology"
"66535","Psychology"
"66536","Psychology"
"66538","Psychology"
"66539","Psychology"
"66541","Psychology"
"66542","Psychology"
"66544","Psychology"
"66563","Computer Science"
"66579","Neurology"
"66593","Microbiology&#44; Immunology&#44; and Cancer Biology"
"66593","Microbiology&#44; Immunology&#44; and Cancer Biology"
"66593","Microbiology&#44; Immunology&#44; and Cancer Biology"
"66593","Microbiology&#44; Immunology&#44; and Cancer Biology"
"66593","Microbiology&#44; Immunology&#44; and Cancer Biology"
"66596","Pediatrics"
"66596","Pediatrics"
"66596","Pediatrics"
"66596","Pediatrics"
"66596","Pediatrics"
"66601","Environmental Sciences"
"66602","Environmental Sciences"
"66603","Environmental Sciences"
"66604","Environmental Sciences"
"66605","Environmental Sciences"
"66606","Environmental Sciences"
"66607","Environmental Sciences"
"66608","Environmental Sciences"
"66611","Psychology"
"66612","Curry School of Education"
"66613","Environmental Sciences"
"66614","Environmental Sciences"
"66615","Environmental Sciences"
"66616","Environmental Sciences"
"66617","Environmental Sciences"
"66618","Environmental Sciences"
"66619","Environmental Sciences"
"66620","Politics"
"66634","Politics"
"66641","Politics"
"66643","Politics"
"66649","Politics"
"66652","Politics"
"66657","Politics"
"66658","Politics"
"66664","Environmental Sciences"
"66665","Environmental Sciences"
"66671","Environmental Sciences"
"66672","Medicine: Cardiovascular Medicine"
"66672","Medicine: Cardiovascular Medicine"
"66672","Medicine: Cardiovascular Medicine"
"66674","Environmental Sciences"
"66674","Environmental Sciences"
"66676","Environmental Sciences"
"66678","Environmental Sciences"
"66679","Environmental Sciences"
"66808","Chemical Engineering"
"66808","Chemical Engineering"
"66810","Microbiology&#44; Immunology&#44; and Cancer Biology"
"66810","Microbiology&#44; Immunology&#44; and Cancer Biology"
"66810","Microbiology&#44; Immunology&#44; and Cancer Biology"
"66810","Microbiology&#44; Immunology&#44; and Cancer Biology"
"66810","Microbiology&#44; Immunology&#44; and Cancer Biology"
"66810","Microbiology&#44; Immunology&#44; and Cancer Biology"
"66810","Microbiology&#44; Immunology&#44; and Cancer Biology"
"66810","Microbiology&#44; Immunology&#44; and Cancer Biology"
"66816","Microbiology&#44; Immunology&#44; and Cancer Biology"
"66816","Microbiology&#44; Immunology&#44; and Cancer Biology"
"66816","Microbiology&#44; Immunology&#44; and Cancer Biology"
"66816","Microbiology&#44; Immunology&#44; and Cancer Biology"
"66816","Microbiology&#44; Immunology&#44; and Cancer Biology"
"66816","Microbiology&#44; Immunology&#44; and Cancer Biology"
"66816","Microbiology&#44; Immunology&#44; and Cancer Biology"
"66817","Microbiology&#44; Immunology&#44; and Cancer Biology"
"66817","Microbiology&#44; Immunology&#44; and Cancer Biology"
"68682","Public Health Sciences"
"68682","Public Health Sciences"
"68682","Public Health Sciences"
"68682","Public Health Sciences"
"68740","Ophthalmology"
"68740","Ophthalmology"
"68740","Ophthalmology"
"68740","Ophthalmology"
"68740","Ophthalmology"
"68745","Chemistry"
"68746","Biology"
"68755","Frank Batten School of Leadership and Public Policy"
"68756","Chemical Engineering"
"68756","Chemical Engineering"
"68756","Chemical Engineering"
"68756","Chemical Engineering"
"68756","Chemical Engineering"
"68756","Chemical Engineering"
"68758","Environmental Sciences"
"68763","SON"
"68763","SON"
"68766","Ophthalmology"
"68768","Kinesiology"
"68769","Public Health Sciences"
"68769","Public Health Sciences"
"68769","Public Health Sciences"
"68769","Public Health Sciences"
"68769","Public Health Sciences"
"68770","Medicine: Infectious Diseases and International Health"
"68776","Public Health Sciences"
"68776","Public Health Sciences"
"68776","Public Health Sciences"
"68776","Public Health Sciences"
"68776","Public Health Sciences"
"68776","Public Health Sciences"
"68776","Public Health Sciences"
"68776","Public Health Sciences"
"68776","Public Health Sciences"
"68776","Public Health Sciences"
"68777","Ophthalmology"
"68777","Ophthalmology"
"68777","Ophthalmology"
"68777","Ophthalmology"
"68777","Ophthalmology"
"68777","Ophthalmology"
"68778","Biomedical Engineering"
"68778","Biomedical Engineering"
"68788","Pharmacology"
"68788","Pharmacology"
"68788","Pharmacology"
"68788","Pharmacology"
"68788","Pharmacology"
"68788","Pharmacology"
"68788","Pharmacology"
"68788","Pharmacology"
"68788","Pharmacology"
"68788","Pharmacology"
"68788","Pharmacology"
"68788","Pharmacology"
"68997","Chemistry"
"69010","Molecular Physiology and Biological Physics"
"69010","Molecular Physiology and Biological Physics"
"69010","Molecular Physiology and Biological Physics"
"69010","Molecular Physiology and Biological Physics"
"69010","Molecular Physiology and Biological Physics"
"69010","Molecular Physiology and Biological Physics"
"69010","Molecular Physiology and Biological Physics"
"69010","Molecular Physiology and Biological Physics"
"69010","Molecular Physiology and Biological Physics"
"69010","Molecular Physiology and Biological Physics"
"69010","Molecular Physiology and Biological Physics"
"69010","Molecular Physiology and Biological Physics"
"69010","Molecular Physiology and Biological Physics"
"69011","Medicine: Endocrinology and Metabolism"
"69106","Biochemistry and Molecular Genetics"
"69106","Biochemistry and Molecular Genetics"
"69106","Biochemistry and Molecular Genetics"
"69106","Biochemistry and Molecular Genetics"
"69233","Medicine: Infectious Diseases and International Health"
"69236","Medicine: Infectious Diseases and International Health"
"69237","Medicine: Infectious Diseases and International Health"
"69240","Environmental Sciences"
"69244","Public Health Sciences"
"69244","Public Health Sciences"
"69244","Public Health Sciences"
"69244","Public Health Sciences"
"69244","Public Health Sciences"
"69244","Public Health Sciences"
"69244","Public Health Sciences"
"69244","Public Health Sciences"
"69248","Frank Batten School of Leadership and Public Policy"
"69249","Biology"
"69249","Biology"
"69249","Biology"
"69249","Biology"
"69249","Biology"
"69250","Engineering and Society"
"69251","Biology"
"69254","Biology"
"69255","Computer Science"
"69263","Molecular Physiology and Biological Physics"
"69265","Medicine: Infectious Diseases and International Health"
"69268","Medicine: Hematology and Oncology"
"69269","Biochemistry and Molecular Genetics"
"69269","Biochemistry and Molecular Genetics"
"69269","Biochemistry and Molecular Genetics"
"69269","Biochemistry and Molecular Genetics"
"69269","Biochemistry and Molecular Genetics"
"69269","Biochemistry and Molecular Genetics"
"69269","Biochemistry and Molecular Genetics"
"69274","Psychology"
"69276","Biology"
"69276","Biology"
"69279","SON"
