"userid","researchdiscipline"
"2",Cancer Biology
"2",Molecular Biology
"2",Biochemistry
"2",Genetics
"3",Translational Science
"3",Cancer Biology
"3",Epigenetics
"3",Molecular Biology
"6",
"6",Genetics
"6",Cell and Developmental Biology
"8",
"11",Bioinformatics and Genomics
"11",Biochemistry
"11",Epigenetics
"11",Molecular Biology
"11",Genetics
"15",Molecular Biology
"15",Bioinformatics and Genomics
"15",Translational Science
"15",Computational Biology
"15",Cancer Biology
"15",Epigenetics
"15",Biophysics
"16",Cancer Biology
"16",Molecular Biology
"16",Bioinformatics and Genomics
"16",Epigenetics
"16",Infectious Diseases/Biodefense
"16",Genetics
"16",Immunology
"16",Microbiology
"18",Metabolism
"18",Cancer Biology
"18",Translational Science
"18",Cell and Developmental Biology
"18",Biochemistry
"18",Molecular Pharmacology
"22",Experimental Pathology
"22",
"22",Neuroscience
"22",Neuroimmunology
"22",Cell and Developmental Biology
"22",Biochemistry
"24",Immunology
"24",Cancer Biology
"24",Molecular Biology
"24",Translational Science
"25",Immunology
"25",Infectious Diseases/Biodefense
"25",Cardiovascular Biology
"26",Biochemistry
"26",Molecular Pharmacology
"26",Cancer Biology
"26",Molecular Biology
"26",Structural Biology
"29",Structural Biology
"29",Computational Biology
"29",Molecular Biology
"29",Microbiology
"29",Cancer Biology
"29",
"29",Bioinformatics and Genomics
"30",Infectious Diseases/Biodefense
"30",Bioinformatics and Genomics
"30",Genetics
"30",Microbiology
"30",Immunology
"33",Experimental Pathology
"33",Infectious Diseases/Biodefense
"33",Immunology
"33",Cancer Biology
"33",Translational Science
"35",Biochemistry
"35",Biophysics
"35",
"35",Physiology
"35",Cancer Biology
"35",Molecular Pharmacology
"35",Translational Science
"36",
"36",Structural Biology
"36",Biophysics
"36",Biochemistry
"39",Immunology
"39",Experimental Pathology
"39",Cancer Biology
"39",Cell and Developmental Biology
"39",Microbiology
"39",Infectious Diseases/Biodefense
"40",Biophysics
"40",Cell and Developmental Biology
"43",
"45",Biochemistry
"45",
"45",Structural Biology
"45",Biophysics
"49",Cell and Developmental Biology
"50",Neuroscience
"50",Molecular Pharmacology
"50",Structural Biology
"50",Biochemistry
"51",Molecular Biology
"51",Immunology
"51",Experimental Pathology
"51",Cancer Biology
"51",Translational Science
"51",Biochemistry
"58",Structural Biology
"58",Molecular Biology
"58",Biophysics
"58",Physiology
"58",
"58",Biochemistry
"59",Cell and Developmental Biology
"65",Epigenetics
"65",Molecular Biology
"65",Cancer Biology
"65",Bioinformatics and Genomics
"68",Structural Biology
"68",
"68",Biophysics
"68",Biochemistry
"71",Infectious Diseases/Biodefense
"71",Molecular Pharmacology
"71",Molecular Biology
"71",Translational Science
"71",Biochemistry
"71",Microbiology
"72",Cardiovascular Biology
"72",Cancer Biology
"72",Translational Science
"72",Immunology
"74",Microbiology
"74",Immunology
"74",Cancer Biology
"74",Translational Science
"76",Molecular Biology
"76",Cancer Biology
"76",Structural Biology
"76",Microbiology
"76",Translational Science
"76",Biophysics
"76",Physiology
"76",Infectious Diseases/Biodefense
"76",Biochemistry
"76",Cardiovascular Biology
"76",Molecular Pharmacology
"76",Computational Biology
"81",Translational Science
"81",Biochemistry
"81",Cancer Biology
"83",Translational Science
"83",Cell and Developmental Biology
"83",Cancer Biology
"86",Biochemistry
"86",Cell and Developmental Biology
"86",Cancer Biology
"89",Biochemistry
"89",Cancer Biology
"89",Experimental Pathology
"89",Molecular Biology
"91",Translational Science
"91",Experimental Pathology
"91",Biochemistry
"91",Metabolism
"91",Epigenetics
"91",Molecular Biology
"91",Cancer Biology
"93",Bioinformatics and Genomics
"93",Genetics
"93",Neuroscience
"93",Molecular Biology
"94",Epigenetics
"94",Neuroscience
"94",Molecular Biology
"94",Cancer Biology
"94",Genetics
"94",Biochemistry
"98",Infectious Diseases/Biodefense
"101",Microbiology
"101",Immunology
"101",Infectious Diseases/Biodefense
"105",Cancer Biology
"105",Immunology
"105",Infectious Diseases/Biodefense
"110",Cardiovascular Biology
"110",Biophysics
"114",Translational Science
"114",Microbiology
"114",Infectious Diseases/Biodefense
"118",Biophysics
"120",Biophysics
"124",Cardiovascular Biology
"124",Cancer Biology
"124",Computational Biology
"124",Molecular Biology
"124",Experimental Pathology
"124",Bioinformatics and Genomics
"131",Immunology
"131",Infectious Diseases/Biodefense
"131",Cancer Biology
"132",Physiology
"132",Cardiovascular Biology
"132",Biophysics
"139",Cell and Developmental Biology
"139",
"143",Biophysics
"150",Translational Science
"150",Cell and Developmental Biology
"150",Biochemistry
"150",Molecular Pharmacology
"150",Metabolism
"155",Cancer Biology
"155",Molecular Biology
"155",Bioinformatics and Genomics
"155",Computational Biology
"155",Epigenetics
"155",Genetics
"155",Translational Science
"155",Biochemistry
"155",Experimental Pathology
"159",Neuroscience
"161",Cancer Biology
"161",Genetics
"161",Cell and Developmental Biology
"161",Molecular Biology
"161",Structural Biology
"161",Microbiology
"161",Translational Science
"161",Neuroscience
"161",Infectious Diseases/Biodefense
"162",Translational Science
"162",Biochemistry
"162",Cardiovascular Biology
"162",Molecular Pharmacology
"162",Neuroscience
"165",Molecular Pharmacology
"167",Neuroscience
"167",Experimental Pathology
"167",Molecular Biology
"167",Genetics
"167",Translational Science
"168",Neuroscience
"168",Experimental Pathology
"168",Neuroimmunology
"168",Cancer Biology
"168",Translational Science
"171",Molecular Biology
"171",Biochemistry
"171",Translational Science
"171",Cancer Biology
"171",Epigenetics
"175",Biophysics
"175",Bioinformatics and Genomics
"175",Physiology
"175",Structural Biology
"178",Cancer Biology
"180",Biochemistry
"180",Bioinformatics and Genomics
"180",Structural Biology
"180",Computational Biology
"180",Biophysics
"182",Molecular Pharmacology
"182",Structural Biology
"182",Microbiology
"182",Physiology
"182",Biophysics
"182",Biochemistry
"187",Cancer Biology
"187",Cardiovascular Biology
"187",Epigenetics
"187",Physiology
"187",Experimental Pathology
"189",Infectious Diseases/Biodefense
"189",Bioinformatics and Genomics
"189",Computational Biology
"189",Biophysics
"189",Physiology
"189",Cardiovascular Biology
"189",Metabolism
"189",Experimental Pathology
"189",Microbiology
"189",Structural Biology
"194",Biochemistry
"194",Cancer Biology
"195",Computational Biology
"195",Bioinformatics and Genomics
"195",Biophysics
"196",Cancer Biology
"196",Cell and Developmental Biology
"196",Molecular Biology
"196",Epigenetics
"196",Biochemistry
"196",Genetics
"197",Immunology
"197",Infectious Diseases/Biodefense
"199",Neuroscience
"199",Cell and Developmental Biology
"203",Physiology
"203",Cancer Biology
"203",Biophysics
"203",Cardiovascular Biology
"204",Cancer Biology
"204",Translational Science
"204",Neuroimmunology
"204",Neuroscience
"209",Immunology
"209",Biochemistry
"209",Cell and Developmental Biology
"209",Cancer Biology
"209",Neuroscience
"209",Metabolism
"209",Cardiovascular Biology
"209",Molecular Biology
"209",Microbiology
"209",Neuroimmunology
"209",Translational Science
"212",Infectious Diseases/Biodefense
"212",Immunology
"212",Genetics
"212",Translational Science
"212",Bioinformatics and Genomics
"212",Cancer Biology
"212",Molecular Biology
"212",Structural Biology
"212",Epigenetics
"212",Biochemistry
"212",Microbiology
"225",Cancer Biology
"225",Cell and Developmental Biology
"225",Biochemistry
"230",Molecular Biology
"230",Cancer Biology
"230",Molecular Pharmacology
"230",Cardiovascular Biology
"230",Biochemistry
"230",Metabolism
"233",Neuroscience
"240",Biochemistry
"242",Physiology
"244",Cancer Biology
"246",Molecular Biology
"246",Biochemistry
"246",Genetics
"246",Metabolism
"246",Epigenetics
"247",Molecular Biology
"247",Cancer Biology
"247",Genetics
"247",Epigenetics
"249",Cardiovascular Biology
"249",Biophysics
"249",Physiology
"254",Biochemistry
"254",Genetics
"254",Molecular Biology
"254",Cancer Biology
"254",Translational Science
"254",Epigenetics
"254",Biophysics
"254",Cell and Developmental Biology
"257",Biochemistry
"257",Structural Biology
"257",Microbiology
"257",Cell and Developmental Biology
"257",Molecular Biology
"257",Infectious Diseases/Biodefense
"257",Biophysics
"257",Physiology
"257",Translational Science
"260",Translational Science
"260",Immunology
"265",Experimental Pathology
"265",Cardiovascular Biology
"265",Immunology
"267",Cell and Developmental Biology
"267",Biochemistry
"267",Cancer Biology
"267",Microbiology
"267",Molecular Biology
"272",Biophysics
"272",Biochemistry
"272",Microbiology
"272",Infectious Diseases/Biodefense
"272",Cell and Developmental Biology
"273",Biochemistry
"273",Structural Biology
"273",Biophysics
"273",Physiology
"274",Biophysics
"274",
"274",Translational Science
"276",Epigenetics
"276",Biochemistry
"276",Cell and Developmental Biology
"276",Molecular Biology
"276",
"276",Genetics
"276",Cancer Biology
"281",
"282",Cancer Biology
"282",Molecular Biology
"282",Structural Biology
"282",Biochemistry
"282",Biophysics
"282",Infectious Diseases/Biodefense
"282",Physiology
"299",Physiology
"299",Experimental Pathology
"299",Translational Science
"299",Cardiovascular Biology
"299",Molecular Pharmacology
"2722",Molecular Pharmacology
"2729",Molecular Pharmacology
"2933",Infectious Diseases/Biodefense
"3516",Biochemistry
"3516",Structural Biology
"3516",Microbiology
"3516",Immunology
"3516",Biophysics
"3516",Physiology
"3516",Infectious Diseases/Biodefense
"3516",Molecular Biology
"3766",Molecular Biology
"3766",Biochemistry
"3766",Structural Biology
"4557",Immunology
"4728",Molecular Pharmacology
"4946",Neuroscience
"4955",Cell and Developmental Biology
"4955",Genetics
"4955",Molecular Biology
"4955",Cancer Biology
"4955",Metabolism
"4955",Neuroscience
"4957",Immunology
"4957",Infectious Diseases/Biodefense
"4957",Cell and Developmental Biology
"4970",Biophysics
"4976",Cell and Developmental Biology
"4989",Neuroscience
"4989",Computational Biology
"4992",Molecular Pharmacology
"4992",Metabolism
"4992",Biophysics
"4992",Physiology
"4992",Translational Science
"4992",Cardiovascular Biology
"4997",Cardiovascular Biology
"5004",Infectious Diseases/Biodefense
"5004",Microbiology
"5006",Molecular Pharmacology
"5006",Neuroscience
"5006",Biophysics
"5007",Metabolism
"5007",Biophysics
"5010",Immunology
"5020",Cell and Developmental Biology
"5022",Cell and Developmental Biology
"5024",Neuroscience
"5024",Cell and Developmental Biology
"5033",Immunology
"5033",Molecular Biology
"5033",Cardiovascular Biology
"5033",Translational Science
"5033",Physiology
"5039",Metabolism
"5039",Biochemistry
"5039",Neuroscience
"5039",Cell and Developmental Biology
"5039",Molecular Biology
"5052",Translational Science
"5052",Cardiovascular Biology
"5053",Neuroscience
"5054",Cell and Developmental Biology
"5054",Genetics
"5054",Cancer Biology
"5054",Molecular Biology
"5054",Neuroscience
"5063",Neuroscience
"5065",Neuroscience
"5071",Physiology
"5071",Translational Science
"5072",Physiology
"5072",Translational Science
"5073",Cell and Developmental Biology
"5073",Genetics
"5074",Genetics
"5074",Bioinformatics and Genomics
"5074",Molecular Biology
"5074",Metabolism
"5074",Computational Biology
"5079",Translational Science
"5079",Molecular Pharmacology
"5079",Neuroscience
"5109",Neuroscience
"5124",Neuroscience
"5137",Neuroscience
"5153",Neuroscience
"5153",Molecular Pharmacology
"5153",Translational Science
"5161",Translational Science
"5161",Experimental Pathology
"5161",Neuroscience
"5170",Molecular Pharmacology
"5177",Neuroscience
"5180",Cardiovascular Biology
"5201",Neuroscience
"5212",Molecular Biology
"5212",Biochemistry
"5212",Microbiology
"5212",Infectious Diseases/Biodefense
"5216",Biophysics
"5216",Translational Science
"5228",Physiology
"5228",Cardiovascular Biology
"5233",Translational Science
"5233",Physiology
"5233",Cardiovascular Biology
"5235",Neuroscience
"5245",Neuroscience
"5250",Neuroscience
"5260",Molecular Biology
"5260",Microbiology
"5260",Immunology
"5260",Translational Science
"5265",Molecular Pharmacology
"5265",Neuroscience
"5267",Cardiovascular Biology
"5267",Neuroscience
"5267",Epigenetics
"5267",Genetics
"5267",Translational Science
"5267",Molecular Biology
"5295",Neuroscience
"5299",Physiology
"5299",Cardiovascular Biology
"5299",Biophysics
"5300",Molecular Biology
"5300",Molecular Pharmacology
"5300",Translational Science
"5300",Neuroscience
"5302",Molecular Biology
"5302",Translational Science
"5302",Neuroimmunology
"5302",Epigenetics
"5302",Immunology
"5302",Experimental Pathology
"5302",Neuroscience
"5303",Translational Science
"5303",Neuroscience
"5333",Neuroscience
"5344",Neuroscience
"5345",Cell and Developmental Biology
"5345",Biochemistry
"5345",Molecular Biology
"5345",Neuroscience
"5349",Cancer Biology
"5349",Molecular Pharmacology
"5350",Neuroscience
"5355",Neuroscience
"5361",Cardiovascular Biology
"5361",Computational Biology
"5361",Biophysics
"5361",Translational Science
"5361",Physiology
"5361",Bioinformatics and Genomics
"5362",Molecular Pharmacology
"5362",Epigenetics
"5362",Bioinformatics and Genomics
"5362",Biochemistry
"5362",Infectious Diseases/Biodefense
"5362",Cancer Biology
"5362",Molecular Biology
"5366",Molecular Biology
"5366",Cell and Developmental Biology
"5366",Genetics
"5404",Cancer Biology
"5404",Neuroscience
"5404",Neuroimmunology
"5404",Translational Science
"5404",Cardiovascular Biology
"5435",Genetics
"5457",Neuroscience
"5458",Physiology
"5458",Cardiovascular Biology
"5458",Cardiovascular Biology
"5458",Biophysics
"5483",Neuroscience
"5483",Computational Biology
"5486",Translational Science
"5486",Neuroscience
"5486",Molecular Pharmacology
"5488",Neuroscience
"5491",Translational Science
"5495",Neuroscience
"5495",Physiology
"5499",Molecular Pharmacology
"5499",Metabolism
"5499",Epigenetics
"5499",Neuroscience
"5505",Infectious Diseases/Biodefense
"5505",Bioinformatics and Genomics
"5505",Computational Biology
"5505",Molecular Biology
"5505",Genetics
"5512",Infectious Diseases/Biodefense
"5512",Bioinformatics and Genomics
"5512",Molecular Biology
"5512",Metabolism
"5512",Genetics
"5512",Cardiovascular Biology
"5523",Bioinformatics and Genomics
"5523",Computational Biology
"5523",Microbiology
"5525",Biophysics
"5525",Physiology
"5525",Structural Biology
"5525",Cardiovascular Biology
"5526",Molecular Pharmacology
"5526",Neuroscience
"5526",Genetics
"5529",Cancer Biology
"5529",Molecular Biology
"5529",Cell and Developmental Biology
"5529",Genetics
"5529",Neuroscience
"5532",Neuroscience
"5533",Molecular Pharmacology
"5533",Cardiovascular Biology
"5533",Metabolism
"5533",Molecular Biology
"5533",Immunology
"5533",Translational Science
"5533",Biochemistry
"5533",Experimental Pathology
"5537",Cancer Biology
"5537",Biophysics
"5537",Infectious Diseases/Biodefense
"5542",Cardiovascular Biology
"5542",Neuroscience
"5546",Neuroscience
"5552",Cardiovascular Biology
"5552",Neuroscience
"5552",Molecular Pharmacology
"5562",Biophysics
"5562",Infectious Diseases/Biodefense
"5562",Biochemistry
"5562",Bioinformatics and Genomics
"5562",Physiology
"5562",Structural Biology
"5562",Computational Biology
"5566",Molecular Pharmacology
"5566",Translational Science
"5566",Cardiovascular Biology
"5574",Cell and Developmental Biology
"5576",Cardiovascular Biology
"5576",Molecular Biology
"5576",Molecular Pharmacology
"5576",Computational Biology
"5576",Translational Science
"5576",Structural Biology
"5576",Epigenetics
"5576",Biochemistry
"5576",Experimental Pathology
"5576",Genetics
"5576",Bioinformatics and Genomics
"5592",Molecular Biology
"5592",Neuroscience
"5592",Cell and Developmental Biology
"5596",Experimental Pathology
"5596",Physiology
"5596",Bioinformatics and Genomics
"5596",Cardiovascular Biology
"5596",Cell and Developmental Biology
"5596",Epigenetics
"5613",Biophysics
"5652",Translational Science
"5652",Genetics
"5652",Molecular Biology
"5652",Bioinformatics and Genomics
"5652",Neuroimmunology
"5652",Cell and Developmental Biology
"5652",Neuroscience
"5652",
"5667",Cardiovascular Biology
"5667",Computational Biology
"5667",Translational Science
"5667",Physiology
"5667",Biophysics
"5671",Cell and Developmental Biology
"5671",Neuroscience
"5671",Biochemistry
"5676",Metabolism
"5683",Cardiovascular Biology
"5685",Neuroscience
"5685",Molecular Pharmacology
"5699",Epigenetics
"5699",Metabolism
"5699",Molecular Biology
"5699",Translational Science
"5699",Biochemistry
"5699",Cardiovascular Biology
"5699",Molecular Pharmacology
"5721",Immunology
"5721",Physiology
"5721",Cardiovascular Biology
"5721",Molecular Biology
"5721",Translational Science
"5730",Biophysics
"5730",Translational Science
"5730",Computational Biology
"5730",Neuroscience
"5731",Computational Biology
"5731",Genetics
"5731",Bioinformatics and Genomics
"5742",Biochemistry
"5742",Infectious Diseases/Biodefense
"5742",Cell and Developmental Biology
"5742",Cardiovascular Biology
"5742",Biophysics
"5742",Physiology
"5743",Neuroscience
"5744",Neuroscience
"5744",Epigenetics
"5752",Neuroscience
"5754",Genetics
"5759",Biochemistry
"5759",Metabolism
"5759",Cell and Developmental Biology
"5759",Molecular Biology
"5759",Cancer Biology
"5759",Translational Science
"5767",Physiology
"5767",Molecular Pharmacology
"5767",Cardiovascular Biology
"5767",Metabolism
"36113",Immunology
"36113",Experimental Pathology
"61108",Neuroscience
"61108",Molecular Pharmacology
"61109",Immunology
"61109",Cell and Developmental Biology
"61109",Molecular Pharmacology
"61109",Biochemistry
"61109",Microbiology
"61113",Neuroscience
"61113",Neuroimmunology
"61138",Genetics
"61138",Infectious Diseases/Biodefense
"61138",Bioinformatics and Genomics
"61138",Computational Biology
"61169",Neuroscience
"61180",Infectious Diseases/Biodefense
"61180",Bioinformatics and Genomics
"61180",Molecular Biology
"61180",Genetics
"61180",Biochemistry
"61180",Metabolism
"61180",Microbiology
"61181",Epigenetics
"61181",Bioinformatics and Genomics
"61181",Molecular Biology
"61181",Translational Science
"61181",Computational Biology
"61181",Cancer Biology
"61182",Epigenetics
"61182",Bioinformatics and Genomics
"61182",Molecular Biology
"61182",Genetics
"61182",Translational Science
"61182",Biochemistry
"61182",Neuroimmunology
"61182",Computational Biology
"61182",Neuroscience
"61183",Biochemistry
"61183",Cell and Developmental Biology
"61183",Metabolism
"61183",Cancer Biology
"61185",Translational Science
"62884",Immunology
"62884",Metabolism
"62884",Translational Science
"63043",Epigenetics
"63043",Cancer Biology
"63043",Translational Science
"63043",Genetics
"63044",Cancer Biology
"63044",Neuroimmunology
"63044",Cell and Developmental Biology
"63044",Neuroscience
"63044",Genetics
"63048",Cancer Biology
"63048",Translational Science
"63048",Neuroscience
"63048",Metabolism
"63048",Cardiovascular Biology
"63055",Microbiology
"63055",Neuroimmunology
"63055",Immunology
"63055",Infectious Diseases/Biodefense
"63055",Neuroscience
"63065",Genetics
"63065",Neuroscience
"63065",Cell and Developmental Biology
"64575",Cancer Biology
"64575",Bioinformatics and Genomics
"64575",Immunology
"64575",Translational Science
"64575",Molecular Biology
"64575",Computational Biology
"64576",Molecular Pharmacology
"64577",Neuroscience
"64587",Molecular Pharmacology
"64587",Metabolism
"64587",Translational Science
"64587",Genetics
"64587",Immunology
"64673",Metabolism
"64673",Biochemistry
"64673",Experimental Pathology
"64673",Molecular Pharmacology
"64673",Epigenetics
"64673",Cancer Biology
"64673",Immunology
"64673",Infectious Diseases/Biodefense
"64673",Structural Biology
"64673",Translational Science
"64673",Cardiovascular Biology
"64673",Molecular Biology
"64674",Genetics
"64674",Cancer Biology
"64674",Bioinformatics and Genomics
"64674",Biochemistry
"64674",Molecular Biology
"64675",Microbiology
"64676",Neuroimmunology
"64677",Neuroscience
"64678",Genetics
"64678",
"64678",Bioinformatics and Genomics
"64678",Cell and Developmental Biology
"64678",Metabolism
"64678",Computational Biology
"64678",Cardiovascular Biology
"64678",Biochemistry
"64678",Molecular Biology
"64683",Neuroscience
"64684",Neuroscience
"64693",Neuroimmunology
"64693",Neuroscience
"64695",Translational Science
"64696",Neuroimmunology
"64696",Experimental Pathology
"64696",Cell and Developmental Biology
"64696",Immunology
"64696",Infectious Diseases/Biodefense
"64696",Cancer Biology
"64696",Microbiology
"64696",Biophysics
"64696",Translational Science
"64696",Molecular Pharmacology
"64696",Metabolism
"64696",Biochemistry
"64725",Translational Science
"64725",Experimental Pathology
"64725",Cancer Biology
"66349",Genetics
"66349",Cancer Biology
"66349",Bioinformatics and Genomics
"66351",Molecular Pharmacology
"66352",Biophysics
"66353",Molecular Biology
"66353",Microbiology
"66353",Biochemistry
"66353",Biophysics
"66354",Molecular Pharmacology
"66354",Neuroimmunology
"66354",Biophysics
"66354",Experimental Pathology
"66354",Immunology
"66354",Metabolism
"66354",Cancer Biology
"66354",Translational Science
"66356",Translational Science
"66356",Metabolism
"66356",Biochemistry
"66356",Molecular Pharmacology
"66356",Biophysics
"66356",Immunology
"66356",Cancer Biology
"66361",Neuroimmunology
"66361",Neuroscience
"66361",Molecular Biology
"66361",Microbiology
"66361",Translational Science
"66361",Experimental Pathology
"66361",Biochemistry
"66361",Neuroscience
"66361",Immunology
"66361",Infectious Diseases/Biodefense
"66374",
"66383",Molecular Biology
"66383",Genetics
"66383",Infectious Diseases/Biodefense
"66384",Microbiology
"66384",Molecular Biology
"66384",Genetics
"66384",Infectious Diseases/Biodefense
"66388",Metabolism
"66399",Computational Biology
"66399",Molecular Biology
"66399",Translational Science
"66399",Biochemistry
"66399",Epigenetics
"66399",Genetics
"66399",Molecular Pharmacology
"66399",Bioinformatics and Genomics
"66399",Cancer Biology
"66442",Cardiovascular Biology
"66442",Biophysics
"66442",Physiology
"66488",Molecular Biology
"66488",Translational Science
"66488",Biochemistry
"66488",Epigenetics
"66488",Bioinformatics and Genomics
"66488",Cancer Biology
"66489",Molecular Biology
"66489",Translational Science
"66489",Epigenetics
"66489",Cancer Biology
"66498",
"66506",Biochemistry
"66515",Cancer Biology
"66515",Biochemistry
"66515",Neuroscience
"66515",Bioinformatics and Genomics
"66529",Cardiovascular Biology
"66529",Metabolism
"66529",Genetics
"66529",Molecular Pharmacology
"66533",Neuroscience
"66579",Neuroscience
"66593",Cancer Biology
"66593",Microbiology
"66593",Translational Science
"66593",Immunology
"66596",Cancer Biology
"66596",Microbiology
"66596",Molecular Biology
"66596",Immunology
"66596",Infectious Diseases/Biodefense
"66599",
"66672",Cardiovascular Biology
"66672",Physiology
"66672",Genetics
"66674",
"66808",Cancer Biology
"66808",Cell and Developmental Biology
"66810",Immunology
"66810",Infectious Diseases/Biodefense
"66810",Metabolism
"66810",Microbiology
"66810",Neuroscience
"66810",Biochemistry
"66810",Molecular Biology
"66816",Infectious Diseases/Biodefense
"66816",Immunology
"66816",Microbiology
"66816",Epigenetics
"66816",Neuroscience
"66816",Neuroimmunology
"66817",Cardiovascular Biology
"66817",Cancer Biology
"68682",Bioinformatics and Genomics
"68682",Computational Biology
"68682",Cancer Biology
"68682",Epigenetics
"68740",Immunology
"68740",Experimental Pathology
"68740",Microbiology
"68740",Neuroscience
"68756",Cancer Biology
"68756",Translational Science
"68756",Molecular Biology
"68763",Cancer Biology
"68766",Immunology
"68768",Physiology
"68769",Bioinformatics and Genomics
"68769",Epigenetics
"68769",Cancer Biology
"68769",Molecular Biology
"68769",Genetics
"68769",Cell and Developmental Biology
"68770",Infectious Diseases/Biodefense
"68776",Bioinformatics and Genomics
"68776",Immunology
"68776",Computational Biology
"68776",Epigenetics
"68776",Cancer Biology
"68776",Genetics
"68777",Molecular Biology
"68777",Cardiovascular Biology
"68777",Physiology
"68777",Immunology
"68777",Experimental Pathology
"68778",Experimental Pathology
"68788",Bioinformatics and Genomics
"68788",Computational Biology
"68788",Metabolism
"68788",Biochemistry
"68788",Molecular Pharmacology
"68788",Epigenetics
"68788",Molecular Biology
"68788",Translational Science
"68788",Genetics
"69010",
"69010",Physiology
"69010",Neuroscience
"69010",Biophysics
"69010",Biochemistry
"69010",Molecular Pharmacology
"69010",Molecular Biology
"69010",Translational Science
"69010",Cell and Developmental Biology
"69010",Cancer Biology
"69011",Neuroscience
"69106",Bioinformatics and Genomics
"69106",Cancer Biology
"69106",Epigenetics
"69106",Molecular Biology
"69106",Translational Science
"69233",Infectious Diseases/Biodefense
"69236",Infectious Diseases/Biodefense
"69237",Infectious Diseases/Biodefense
"69244",Cardiovascular Biology
"69244",Physiology
"69244",
"69244",Computational Biology
"69244",Bioinformatics and Genomics
"69244",Biochemistry
"69244",Molecular Pharmacology
"69244",Genetics
"69244",Molecular Biology
"69249",Cancer Biology
"69249",Neuroimmunology
"69249",Cell and Developmental Biology
"69249",Bioinformatics and Genomics
"69249",Metabolism
"69249",Genetics
"69251",Neuroscience
"69254",Neuroscience
"69263",Cell and Developmental Biology
"69265",Infectious Diseases/Biodefense
"69268",Cancer Biology
"69269",Genetics
"69269",Molecular Biology
"69269",Molecular Pharmacology
"69269",Cancer Biology
"69269",Epigenetics
"69269",Biochemistry
"69276",Cell and Developmental Biology
"69276",Neuroscience
"69279",Neuroscience
